event,cohort,scorer,n_pre,n_post,mean_pre,mean_post,g,p_boot
Limited PSLF Waiver,Reddit r/PSLF,polarity,2248,7579,0.1105,0.0980,-0.0544,0.0450
Limited PSLF Waiver,Reddit Medical,polarity,248,127,0.1464,0.1158,-0.1321,0.1638
Limited PSLF Waiver,SDN (Medical),polarity,351,376,0.0458,0.1213,0.5807,0.0040
IDR Account Adjustment,Reddit r/PSLF,polarity,853,382,0.0791,0.1018,0.0997,0.1548
IDR Account Adjustment,Reddit r/StudentLoans,polarity,52,336,0.0108,0.0965,0.3781,0.0190
IDR Account Adjustment,Reddit Finance,polarity,51,41,0.1356,0.0912,-0.2886,0.2767
IDR Account Adjustment,Reddit Medical,polarity,203,548,0.1081,0.0943,-0.0599,0.3866
IDR Account Adjustment,SDN (Medical),polarity,223,268,0.1671,0.1244,-0.3397,0.1389
Biden Mass Forgiveness,Reddit r/PSLF,polarity,435,1273,0.1017,0.0784,-0.1223,0.0899
Biden Mass Forgiveness,Reddit r/StudentLoans,polarity,985,1511,0.0920,0.0927,0.0027,0.9491
Biden Mass Forgiveness,Reddit Finance,polarity,36,709,0.1154,0.1065,-0.0473,0.8152
Biden Mass Forgiveness,Reddit Medical,polarity,390,269,0.0937,0.0988,0.0214,0.7962
Biden Mass Forgiveness,SDN (Medical),polarity,117,79,0.1562,0.0967,-0.5412,0.0519
Biden v. Nebraska SCOTUS,Reddit r/PSLF,polarity,120,525,0.0889,0.0656,-0.1169,0.2657
Biden v. Nebraska SCOTUS,Reddit r/StudentLoans,polarity,1097,2116,0.1009,0.0738,-0.1095,0.0060
Biden v. Nebraska SCOTUS,Reddit Medical,polarity,481,538,0.0966,0.0838,-0.0544,0.3806
Biden v. Nebraska SCOTUS,SDN (Medical),polarity,189,202,0.1354,0.0990,-0.3371,0.1289
Payments Restart,Reddit r/PSLF,polarity,759,746,0.0723,0.0728,0.0026,0.9680
Payments Restart,Reddit Finance,polarity,403,59,0.1211,0.1311,0.0502,0.7363
Payments Restart,Reddit Medical,polarity,339,185,0.0855,0.0819,-0.0161,0.8711
Payments Restart,SDN (Medical),polarity,196,64,0.1011,0.1559,0.4488,0.0909
SAVE Admin Forbearance,Reddit r/PSLF,polarity,1597,1551,0.0498,0.0681,0.0817,0.0290
SAVE Admin Forbearance,Reddit r/StudentLoans,polarity,1393,540,0.0495,0.0545,0.0228,0.6623
SAVE Admin Forbearance,Reddit Finance,polarity,401,114,0.1116,0.1035,-0.0455,0.7223
SAVE Admin Forbearance,Reddit Medical,polarity,106,326,0.0996,0.0687,-0.1380,0.3287
Trump PSLF EO,Reddit r/PSLF,polarity,3737,2234,0.0605,0.0526,-0.0347,0.2907
Trump PSLF EO,Reddit r/StudentLoans,polarity,1335,847,0.0796,0.0442,-0.1599,0.0010
Trump PSLF EO,Reddit Finance,polarity,210,131,0.1437,0.0716,-0.3423,0.0210
Trump PSLF EO,Reddit Medical,polarity,907,701,0.0697,0.0589,-0.0462,0.3806
Trump PSLF EO,SDN (Medical),polarity,657,381,0.1107,0.0547,-0.2774,0.0639
Final Trump PSLF Rule,Reddit r/PSLF,polarity,648,1550,0.0489,0.0688,0.0916,0.0689
Final Trump PSLF Rule,Reddit r/StudentLoans,polarity,389,348,0.0823,0.1252,0.2073,0.0030
Final Trump PSLF Rule,Reddit Finance,polarity,166,203,0.1092,0.1171,0.0436,0.6623
Final Trump PSLF Rule,Reddit Medical,polarity,1715,354,0.0723,0.1041,0.1436,0.0500
Final Trump PSLF Rule,SDN (Medical),polarity,81,212,0.0683,0.1614,0.6859,0.0130
Limited PSLF Waiver,SDN (Medical),vader_compound,351,376,0.4213,0.5375,0.2136,0.2787
IDR Account Adjustment,SDN (Medical),vader_compound,223,268,0.4331,0.8135,1.0210,0.0020
Biden Mass Forgiveness,SDN (Medical),vader_compound,117,79,0.7708,0.3941,-0.9598,0.0060
Biden v. Nebraska SCOTUS,SDN (Medical),vader_compound,189,202,0.7171,0.4856,-0.4581,0.0689
Payments Restart,SDN (Medical),vader_compound,196,64,0.5178,0.8625,0.7392,0.0110
Trump PSLF EO,SDN (Medical),vader_compound,657,381,0.2500,0.4347,0.3348,0.0929
Final Trump PSLF Rule,SDN (Medical),vader_compound,81,212,0.3531,0.4454,0.1623,0.5604
