institution,state,fy,normalized_query,parent_query,matched_org_name,total_award_amount,n_projects,match_strategy
AHS Morristown Med Ctr,NJ,2023,AHS MORRISTOWN MEDICAL CENTER,AHS MORRISTOWN,,0.0,0,no_match
AHS Overlook Hospital,NJ,2023,AHS OVERLOOK HOSPITAL,AHS OVERLOOK,,0.0,0,no_match
AU-UGA Medical Partnership,GA,2023,AU-UGA MEDICAL PARTNERSHIP,,,0.0,0,no_match
Abbott Northwestern Hosp,MN,2023,ABBOTT NORTHWESTERN HOSP,,,0.0,0,no_match
Abington Mem Hosp,PA,2023,ABINGTON MEMORIAL HOSPITAL,ABINGTON,,0.0,0,no_match
Abrazo Health Network,AZ,2023,ABRAZO HEALTH NETWORK,ABRAZO,,0.0,0,no_match
AccessHealth,WV,2023,ACCESSHEALTH,,,0.0,0,no_match
Adena Health System,OH,2023,ADENA HEALTH SYSTEM,ADENA,,0.0,0,no_match
AdventHealth Redmond,GA,2023,ADVENTHEALTH REDMOND,,,0.0,0,no_match
Adventist Health Glendale,CA,2023,ADVENTIST HEALTH GLENDALE,,,0.0,0,no_match
Adventist Health Hanford,CA,2023,ADVENTIST HEALTH HANFORD,,,0.0,0,no_match
Adventist Health Ukiah Valley,CA,2023,ADVENTIST HEALTH UKIAH VALLEY,,,0.0,0,no_match
Adventist Health White Memorial,CA,2023,ADVENTIST HEALTH WHITE MEMORIAL,ADVENTIST HEALTH WHITE,,0.0,0,no_match
Advocate Health Care,IL,2023,ADVOCATE HEALTH CARE,,,0.0,0,no_match
Aiken Regional Med Ctrs,SC,2023,AIKEN REGIONAL MED CTRS,AIKEN,,0.0,0,no_match
Akron Children's,OH,2023,AKRON CHILDREN'S,,CHILDREN'S HOSPITAL MED CTR OF AKRON,442612.0,1,full_normalized_with_state
Akron General Med Ctr,OH,2023,AKRON GENERAL MEDICAL CENTER,AKRON GENERAL,,0.0,0,no_match
Alameda Health Sys-Highland Hosp,CA,2023,ALAMEDA HEALTH SYS-HIGHLAND HOSP,,,0.0,0,no_match
Albany Med Ctr,NY,2023,ALBANY MEDICAL CENTER,ALBANY,STATE UNIVERSITY OF NEW YORK AT ALBANY,38699512.0,96,parent_institution_with_state
Albert Einstein Healthcare Network,PA,2023,ALBERT EINSTEIN HEALTHCARE NETWORK,,ALBERT EINSTEIN HEALTHCARE NETWORK,2016433.0,5,full_normalized_with_state
Albert Einstein Med Ctr,PA,2023,ALBERT EINSTEIN MEDICAL CENTER,ALBERT EINSTEIN,ALBERT EINSTEIN HEALTHCARE NETWORK,2016433.0,5,parent_institution_with_state
Allegheny Gen Hosp,PA,2023,ALLEGHENY GEN HOSP,,,0.0,0,no_match
Allegheny Health Network St Vincent HC,PA,2023,ALLEGHENY HEALTH NETWORK SAINT VINCENT HC,ALLEGHENY,ALLEGHENY-SINGER RESEARCH INSTITUTE,249570.0,1,parent_institution_with_state
Allina Health,MN,2023,ALLINA HEALTH,,,0.0,0,no_match
AltaMed Health Services,CA,2023,ALTAMED HEALTH SERVICES,,ALTAMED HEALTH SERVICES CORPORATION,126554.0,2,full_normalized_with_state
Altru Health System,ND,2023,ALTRU HEALTH SYSTEM,ALTRU,,0.0,0,no_match
Amita St Francis Hosp,IL,2023,AMITA SAINT FRANCIS HOSP,,,0.0,0,no_match
AnMed Health,SC,2023,ANMED HEALTH,,,0.0,0,no_match
Anne Arundel Med Ctr,MD,2023,ANNE ARUNDEL MEDICAL CENTER,ANNE ARUNDEL,,0.0,0,no_match
Appalachian OPTIC,KY,2023,APPALACHIAN OPTIC,,,0.0,0,no_match
Appalachian Regional Healthcare,KY,2023,APPALACHIAN REGIONAL HEALTHCARE,APPALACHIAN,,0.0,0,no_match
Arnot Ogden Med Ctr,NY,2023,ARNOT OGDEN MEDICAL CENTER,ARNOT OGDEN,,0.0,0,no_match
Arrowhead Reg Med Ctr,CA,2023,ARROWHEAD REG MEDICAL CENTER,ARROWHEAD REG,,0.0,0,no_match
Ascension Providence/MSUCHM,MI,2023,ASCENSION PROVIDENCE,,,0.0,0,no_match
Ascension Resurrection,IL,2023,ASCENSION RESURRECTION,,,0.0,0,no_match
Ascension St Alexius,IL,2023,ASCENSION SAINT ALEXIUS,,,0.0,0,no_match
Ascension St Francis,IL,2023,ASCENSION SAINT FRANCIS,,,0.0,0,no_match
Ascension St Joseph,IL,2023,ASCENSION SAINT JOSEPH,,,0.0,0,no_match
Ascension St Mary,IL,2023,ASCENSION SAINT MARY,,,0.0,0,no_match
Ascension St Vincent Hosp,IN,2023,ASCENSION SAINT VINCENT HOSP,,,0.0,0,no_match
Atlanta Med Ctr,GA,2023,ATLANTA MEDICAL CENTER,ATLANTA,CLARK ATLANTA UNIVERSITY,8995937.0,15,parent_institution_with_state
AtlantiCare Reg Med Ctr,NJ,2023,ATLANTICARE REG MEDICAL CENTER,ATLANTICARE REG,,0.0,0,no_match
Atlantic Health System,NJ,2023,ATLANTIC HEALTH SYSTEM,ATLANTIC,"ATLANTIC HEALTH SYSTEM, INC.",924915.0,1,full_normalized_with_state
Atrium Health Cabarrus,NC,2023,ATRIUM HEALTH CABARRUS,,,0.0,0,no_match
Atrium Health Navicent Med Ctr,GA,2023,ATRIUM HEALTH NAVICENT MEDICAL CENTER,ATRIUM HEALTH NAVICENT,,0.0,0,no_match
Augusta Health,VA,2023,AUGUSTA HEALTH,,,0.0,0,no_match
Aultman Hospital/NEOMED,OH,2023,AULTMAN HOSPITAL,AULTMAN,,0.0,0,no_match
Aurora Health Care/ASMC,WI,2023,AURORA HEALTH CARE,,"AURORA HEALTH CARE, INC.",1847089.0,1,full_normalized_with_state
Aurora St Lukes Medical Ctr,WI,2023,AURORA SAINT LUKES MEDICAL CTR,,,0.0,0,no_match
Authority Health GME,MI,2023,AUTHORITY HEALTH,,,0.0,0,no_match
Aventura Hospital,FL,2023,AVENTURA HOSPITAL,AVENTURA,,0.0,0,no_match
B I Deaconess Med Ctr,MA,2023,B I DEACONESS MEDICAL CENTER,B I DEACONESS,BETH ISRAEL DEACONESS MEDICAL CENTER,133883939.0,251,full_normalized_with_state
Baptist Health,AR,2023,BAPTIST HEALTH,,,0.0,0,no_match
Baptist Health Deaconess,KY,2023,BAPTIST HEALTH DEACONESS,,,0.0,0,no_match
Baptist Mem Hosp DeSoto,MS,2023,BAPTIST MEMORIAL HOSPITAL DESOTO,BAPTIST,,0.0,0,no_match
Baptist Mem Hosp Golden Triangle,MS,2023,BAPTIST MEMORIAL HOSPITAL GOLDEN TRIANGLE,BAPTIST,,0.0,0,no_match
Baptist Mem Hosp North,MS,2023,BAPTIST MEMORIAL HOSPITAL NORTH,BAPTIST,,0.0,0,no_match
Baptist Mem Med Education,AR,2023,BAPTIST MEMORIAL MED EDUCATION,BAPTIST,OUACHITA BAPTIST UNIVERSITY,254743.0,2,parent_institution_with_state
Barnes-Jewish Hosp,MO,2023,BARNES-JEWISH HOSP,,,0.0,0,no_match
Barrow Neurological Inst at SJHMC,AZ,2023,BARROW NEUROLOGICAL INST AT SJHMC,,,0.0,0,no_match
Bassett Med Ctr,NY,2023,BASSETT MEDICAL CENTER,BASSETT,MARY IMOGENE BASSETT HOSPITAL,2311989.0,3,parent_institution_with_state
Baton Rouge Gen Med Ctr,LA,2023,BATON ROUGE GEN MEDICAL CENTER,BATON ROUGE GEN,SOUTHERN UNIV A&M COL BATON ROUGE,31165558.0,76,distinctive_tokens_with_state
BayCare Health System,FL,2023,BAYCARE HEALTH SYSTEM,BAYCARE,,0.0,0,no_match
Bayfront Med Ctr,FL,2023,BAYFRONT MEDICAL CENTER,BAYFRONT,,0.0,0,no_match
Bayhealth Med Ctr,DE,2023,BAYHEALTH MEDICAL CENTER,BAYHEALTH,,0.0,0,no_match
Baylor Coll Med-Houston,TX,2023,BAYLOR COLL MED-HOUSTON,,,0.0,0,no_match
Baylor S&W All Saints Med Ctr,TX,2023,BAYLOR S&W ALL SAINTS MEDICAL CENTER,BAYLOR S&W ALL SAINTS,,0.0,0,no_match
Baylor S&W Med Ctr-Round Rock,TX,2023,BAYLOR S&W MEDICAL CENTER-ROUND ROCK,BAYLOR S&W,,0.0,0,no_match
Baylor S&W-Baylor COM Temple,TX,2023,BAYLOR S&W-BAYLOR COM TEMPLE,,,0.0,0,no_match
Baylor Scott & White Med Ctr,TX,2023,BAYLOR SCOTT & WHITE MEDICAL CENTER,BAYLOR SCOTT & WHITE,,0.0,0,no_match
Baylor Univ Med Ctr-Dallas,TX,2023,BAYLOR UNIVERSITY MEDICAL CENTER-DALLAS,BAYLOR UNIVERSITY,BAYLOR UNIVERSITY,6254933.0,25,parent_institution_with_state
Baystate Franklin Med Ctr,MA,2023,BAYSTATE FRANKLIN MEDICAL CENTER,BAYSTATE FRANKLIN,,0.0,0,no_match
Beebe Healthcare,DE,2023,BEEBE HEALTHCARE,,,0.0,0,no_match
Benefis Hospital,MT,2023,BENEFIS HOSPITAL,BENEFIS,,0.0,0,no_match
Berkshire Med Ctr,MA,2023,BERKSHIRE MEDICAL CENTER,BERKSHIRE,,0.0,0,no_match
Bethesda Hospital,OH,2023,BETHESDA HOSPITAL,BETHESDA,,0.0,0,no_match
Billings Clinic,MT,2023,BILLINGS CLINIC,,,0.0,0,no_match
Bon Secours Health System,VA,2023,BON SECOURS HEALTH SYSTEM,BON SECOURS,,0.0,0,no_match
Borinquen Health Care Ctr,FL,2023,BORINQUEN HEALTH CARE CTR,,,0.0,0,no_match
Boston Univ Med Ctr,MA,2023,BOSTON UNIVERSITY MEDICAL CENTER,BOSTON UNIVERSITY,BOSTON UNIVERSITY (CHARLES RIVER CAMPUS),403767717.0,711,parent_institution_with_state
Bridgeport Hospital,CT,2023,BRIDGEPORT HOSPITAL,BRIDGEPORT,,0.0,0,no_match
Brigham & Womens Hosp,MA,2023,BRIGHAM & WOMEN'S HOSP,,BRIGHAM AND WOMEN'S HOSPITAL,483634908.0,819,distinctive_tokens_with_state
Broadlawns Med Ctr,IA,2023,BROADLAWNS MEDICAL CENTER,BROADLAWNS,,0.0,0,no_match
BronxCare Health System,NY,2023,BRONXCARE HEALTH SYSTEM,BRONXCARE,,0.0,0,no_match
Brooklyn Hosp Ctr,NY,2023,BROOKLYN HOSP CTR,,,0.0,0,no_match
Broward Health Med Ctr,FL,2023,BROWARD HEALTH MEDICAL CENTER,BROWARD HEALTH,,0.0,0,no_match
Brown Univ/Butler Hospital,RI,2023,BROWN UNIVERSITY,,BROWN UNIVERSITY,175717580.0,356,full_normalized_with_state
Bryn Mawr Hospital,PA,2023,BRYN MAWR HOSPITAL,BRYN MAWR,BRYN MAWR COLLEGE,418606.0,1,parent_institution_with_state
Burke Rehabilitation Hosp,NY,2023,BURKE REHABILITATION HOSP,,,0.0,0,no_match
Butler Memorial Hospital,PA,2023,BUTLER MEMORIAL HOSPITAL,BUTLER,,0.0,0,no_match
CHI St Vincent Hot Springs,AR,2023,CHI SAINT VINCENT HOT SPRINGS,,,0.0,0,no_match
CHRISTUS Health,TX,2023,CHRISTUS HEALTH,,,0.0,0,no_match
CMSRU/Cooper University Hospital,NJ,2023,CMSRU,,,0.0,0,no_match
Cambridge Health Alliance,MA,2023,CAMBRIDGE HEALTH ALLIANCE,,CAMBRIDGE HEALTH ALLIANCE,4220033.0,7,full_normalized_with_state
Campbell University,NC,2023,CAMPBELL UNIVERSITY,,,0.0,0,no_match
Canton Med Ed Fdn/NEOMED,OH,2023,CANTON MED ED FDN,,,0.0,0,no_match
Cape Fear Valley Health,NC,2023,CAPE FEAR VALLEY HEALTH,,,0.0,0,no_match
Capital Health Reg Med Ctr,NJ,2023,CAPITAL HEALTH REG MEDICAL CENTER,CAPITAL HEALTH REG,,0.0,0,no_match
CarePoint Health,NJ,2023,CAREPOINT HEALTH,,,0.0,0,no_match
Carle Foundation Hosp,IL,2023,CARLE FOUNDATION HOSP,,,0.0,0,no_match
Carolinas Med Ctr,NC,2023,CAROLINAS MEDICAL CENTER,CAROLINAS,CAROLINAS MEDICAL CENTER,1179697.0,1,full_normalized_with_state
Casa Colina Hosp,CA,2023,CASA COLINA HOSP,,,0.0,0,no_match
Case Western/Univ Hosps Cleveland Med Ctr,OH,2023,CASE WESTERN,,CASE WESTERN RESERVE UNIVERSITY,220839156.0,446,full_normalized_with_state
Cayuga Med Ctr,NY,2023,CAYUGA MEDICAL CENTER,CAYUGA,,0.0,0,no_match
Cedars-Sinai Med Ctr,CA,2023,CEDARS-SINAI MEDICAL CENTER,CEDARS-SINAI,CEDARS-SINAI MEDICAL CENTER,110484449.0,207,full_normalized_with_state
Center for Family Medicine,SD,2023,CENTER FOR FAMILY MEDICINE,,,0.0,0,no_match
Centerstone,FL,2023,CENTERSTONE,,,0.0,0,no_match
Centro Medico Menonita Cayey,PR,2023,CENTRO MEDICO MENONITA CAYEY,,,0.0,0,no_match
Charles R Drew University,CA,2023,CHARLES R DREW UNIVERSITY,,CHARLES R. DREW UNIVERSITY OF MED & SCI,12682697.0,21,full_normalized_with_state
Charleston Area Med Ctr,WV,2023,CHARLESTON AREA MEDICAL CENTER,CHARLESTON AREA,,0.0,0,no_match
Cheshire Med Ctr/Dartmouth Health,NH,2023,CHESHIRE MEDICAL CENTER,CHESHIRE,,0.0,0,no_match
Childrens Hosp-Philadelphia,PA,2023,CHILDREN'S HOSP-PHILADELPHIA,,,0.0,0,no_match
Childrens Hospital-Boston,MA,2023,CHILDREN'S HOSPITAL-BOSTON,CHILDREN'S,BOSTON CHILDREN'S HOSPITAL,261426907.0,498,parent_institution_with_state
Childrens Hospital-LA,CA,2023,CHILDREN'S HOSPITAL-LA,CHILDREN'S,CHILDREN'S HOSPITAL OF LOS ANGELES,41365963.0,84,parent_institution_with_state
Childrens Hospital-Oakland,CA,2023,CHILDREN'S HOSPITAL-OAKLAND,CHILDREN'S,CHILDREN'S HOSPITAL OF LOS ANGELES,41365963.0,84,parent_institution_with_state
Childrens Mercy Hospital,MO,2023,CHILDREN'S MERCY HOSPITAL,CHILDREN'S MERCY,"CHILDREN'S MERCY HOSP (KANSAS CITY, MO)",14859069.0,35,parent_institution_with_state
Childrens National Med Ctr,DC,2023,CHILDREN'S NATIONAL MEDICAL CENTER,CHILDREN'S NATIONAL,CHILDREN'S NATIONAL MEDICAL CENTER,473370.0,1,full_normalized_with_state
Christ Hospital,OH,2023,CHRIST HOSPITAL,CHRIST,THE CHRIST HOSPITAL,160211.0,1,full_normalized_with_state
Christiana Care,DE,2023,CHRISTIANA CARE,,"CHRISTIANA CARE HEALTH SERVICES, INC.",1798153.0,1,full_normalized_with_state
Cincinnati Childrens Hosp Med Ctr,OH,2023,CINCINNATI CHILDREN'S HOSP MEDICAL CENTER,CINCINNATI CHILDREN'S HOSP,,0.0,0,no_match
Citrus Health Network,FL,2023,CITRUS HEALTH NETWORK,CITRUS,,0.0,0,no_match
City Of Hope,CA,2023,CITY OF HOPE,,,0.0,0,no_match
Clarion Hospital,PA,2023,CLARION HOSPITAL,CLARION,,0.0,0,no_match
Clarkson Family Med Res,NE,2023,CLARKSON FAMILY MED RES,,,0.0,0,no_match
Cleveland Clinic Fdn,OH,2023,CLEVELAND CLINIC FDN,,CLEVELAND CLINIC LERNER COM-CWRU,162136347.0,330,distinctive_tokens_with_state
Clinica Sierra Vista,CA,2023,CLINICA SIERRA VISTA,,,0.0,0,no_match
College Med Ctr,CA,2023,COLLEGE MEDICAL CENTER,COLLEGE,OCCIDENTAL COLLEGE,721389.0,2,parent_institution_with_state
Colquitt Regional Med Ctr,GA,2023,COLQUITT REGIONAL MEDICAL CENTER,COLQUITT,,0.0,0,no_match
Common Spirit Health Mountain Region,CO,2023,COMMON SPIRIT HEALTH MOUNTAIN REGION,,,0.0,0,no_match
Community Health Care,WA,2023,COMMUNITY HEALTH CARE,,,0.0,0,no_match
Community Health Network,IN,2023,COMMUNITY HEALTH NETWORK,COMMUNITY,,0.0,0,no_match
Community Healthcare Network,NY,2023,COMMUNITY HEALTHCARE NETWORK,,,0.0,0,no_match
Community Mem Health Sys,CA,2023,COMMUNITY MEMORIAL HEALTH SYS,COMMUNITY,,0.0,0,no_match
Concord Hospital,NH,2023,CONCORD HOSPITAL,CONCORD,,0.0,0,no_match
Cone Health,NC,2023,CONE HEALTH,,,0.0,0,no_match
Conemaugh Memorial Med Ctr,PA,2023,CONEMAUGH MEMORIAL MEDICAL CENTER,CONEMAUGH,,0.0,0,no_match
Coney Island Hospital,NY,2023,CONEY ISLAND HOSPITAL,CONEY ISLAND,,0.0,0,no_match
Conroe Reg Med Ctr,TX,2023,CONROE REG MEDICAL CENTER,CONROE REG,,0.0,0,no_match
Contra Costa Reg Med Ctr,CA,2023,CONTRA COSTA REG MEDICAL CENTER,CONTRA COSTA REG,,0.0,0,no_match
Conway Reg Health Sys,AR,2023,CONWAY REG HEALTH SYS,,,0.0,0,no_match
Cook County Health and Hosps Sys,IL,2023,COOK COUNTY HEALTH AND HOSPS SYS,,,0.0,0,no_match
Corewell Health,MI,2023,COREWELL HEALTH,,COREWELL HEALTH,2113756.0,1,full_normalized_with_state
Corewell Health Lakeland,MI,2023,COREWELL HEALTH LAKELAND,,,0.0,0,no_match
Corewell Health-Grand Rapids/MSU,MI,2023,COREWELL HEALTH-GRAND RAPIDS,,,0.0,0,no_match
Cornerstone Care THC,PA,2023,CORNERSTONE CARE THC,,,0.0,0,no_match
CoxHealth,MO,2023,COXHEALTH,,,0.0,0,no_match
Creedmoor Psych Ctr,NY,2023,CREEDMOOR PSYCH CTR,,,0.0,0,no_match
Creighton Univ Affil Hosps,AZ,2023,CREIGHTON UNIVERSITY AFFIL HOSPS,,,0.0,0,no_match
Creighton University,AZ,2023,CREIGHTON UNIVERSITY,,,0.0,0,no_match
Crozer-Chester Med Ctr,PA,2023,CROZER-CHESTER MEDICAL CENTER,CROZER-CHESTER,,0.0,0,no_match
Damas Hospital,PR,2023,DAMAS HOSPITAL,DAMAS,,0.0,0,no_match
Danbury Hospital,CT,2023,DANBURY HOSPITAL,DANBURY,,0.0,0,no_match
Dartmouth-Hitchcock Med Ctr,NH,2023,DARTMOUTH-HITCHCOCK MEDICAL CENTER,DARTMOUTH-HITCHCOCK,DARTMOUTH-HITCHCOCK CLINIC,15229400.0,39,parent_institution_with_state
DePaul Community Health Ctr,LA,2023,DEPAUL COMMUNITY HEALTH CTR,,,0.0,0,no_match
DeTar Healthcare System,TX,2023,DETAR HEALTHCARE SYSTEM,DETAR,,0.0,0,no_match
Deaconess Hospital,IN,2023,DEACONESS HOSPITAL,DEACONESS,,0.0,0,no_match
Delaware Valley Community Health,PA,2023,DELAWARE VALLEY COMMUNITY HEALTH,,,0.0,0,no_match
Denver Community Hlth Svcs,CO,2023,DENVER COMMUNITY HLTH SVCS,,,0.0,0,no_match
Denver Health Med Ctr,CO,2023,DENVER HEALTH MEDICAL CENTER,DENVER HEALTH,DENVER HEALTH AND HOSPITAL AUTHORITY,2746583.0,8,parent_institution_with_state
Desert Regional Med Ctr,CA,2023,DESERT REGIONAL MEDICAL CENTER,DESERT,,0.0,0,no_match
Detroit Med Ctr/WSU,MI,2023,DETROIT MEDICAL CENTER,DETROIT,UNIVERSITY OF DETROIT MERCY,4275830.0,7,parent_institution_with_state
Dignity East Valley,AZ,2023,DIGNITY EAST VALLEY,,,0.0,0,no_match
Dignity Methodist Hosp-Sacramento,CA,2023,DIGNITY METHODIST HOSP-SACRAMENTO,,,0.0,0,no_match
Dignity Northridge Hosp Med Ctr,CA,2023,DIGNITY NORTHRIDGE HOSP MEDICAL CENTER,DIGNITY NORTHRIDGE HOSP,,0.0,0,no_match
Dignity St Rose Dominican Hosps,NV,2023,DIGNITY SAINT ROSE DOMINICAN HOSPS,,,0.0,0,no_match
Doctors Hospital at Renaissance,TX,2023,DOCTORS HOSPITAL AT RENAISSANCE,DOCTORS,,0.0,0,no_match
Doylestown Hospital,PA,2023,DOYLESTOWN HOSPITAL,DOYLESTOWN,,0.0,0,no_match
Driscoll Childrens Hosp,TX,2023,DRISCOLL CHILDREN'S HOSP,,,0.0,0,no_match
Duke Univ Med Ctr,NC,2023,DUKE UNIVERSITY MEDICAL CENTER,DUKE UNIVERSITY,DUKE UNIVERSITY,856289948.0,1236,parent_institution_with_state
ECU Health Med Ctr,NC,2023,ECU HEALTH MEDICAL CENTER,ECU HEALTH,,0.0,0,no_match
EVMS Old Dominion University,VA,2023,EVMS OLD DOMINION UNIVERSITY,,,0.0,0,no_match
East Jefferson Gen Hosp,LA,2023,EAST JEFFERSON GEN HOSP,,,0.0,0,no_match
East Liverpool City Hosp,OH,2023,EAST LIVERPOOL CITY HOSP,,,0.0,0,no_match
Eisenhower Med Ctr,CA,2023,EISENHOWER MEDICAL CENTER,EISENHOWER,,0.0,0,no_match
El Rio Health,AZ,2023,EL RIO HEALTH,,,0.0,0,no_match
Ellis Hospital,NY,2023,ELLIS HOSPITAL,ELLIS,,0.0,0,no_match
Elson S Floyd COM WSU,WA,2023,ELSON S FLOYD COM WSU,,,0.0,0,no_match
Emanate Health,CA,2023,EMANATE HEALTH,,,0.0,0,no_match
Emory Univ SOM,GA,2023,EMORY UNIVERSITY SOM,,,0.0,0,no_match
Englewood Hosp,NJ,2023,ENGLEWOOD HOSP,,,0.0,0,no_match
Excela Health Latrobe Hosp,PA,2023,EXCELA HEALTH LATROBE HOSP,,,0.0,0,no_match
FAU-Schmidt COM,FL,2023,FAU-SCHMIDT COM,,,0.0,0,no_match
Fairfield Med Ctr,OH,2023,FAIRFIELD MEDICAL CENTER,FAIRFIELD,,0.0,0,no_match
Family Health Ctrs at NYU Langone,NY,2023,FAMILY HEALTH CTRS AT NEW YORK UNIVERSITY LANGONE,,,0.0,0,no_match
Family Health Ctrs of San Diego,CA,2023,FAMILY HEALTH CTRS OF SAN DIEGO,,,0.0,0,no_match
Firelands Regional Med Ctr,OH,2023,FIRELANDS REGIONAL MEDICAL CENTER,FIRELANDS,,0.0,0,no_match
Floyd Med Ctr,GA,2023,FLOYD MEDICAL CENTER,FLOYD,,0.0,0,no_match
Flushing Hospital Med Ctr,NY,2023,FLUSHING HOSPITAL MEDICAL CENTER,FLUSHING,,0.0,0,no_match
Forbes Family Medicine,PA,2023,FORBES FAMILY MEDICINE,,,0.0,0,no_match
Forrest General Hospital,MS,2023,FORREST GENERAL HOSPITAL,FORREST GENERAL,,0.0,0,no_match
Franciscan Health,IN,2023,FRANCISCAN HEALTH,,,0.0,0,no_match
Franciscan Health Olympia Fields,IL,2023,FRANCISCAN HEALTH OLYMPIA FIELDS,,,0.0,0,no_match
Ft Wayne Med Ed Prog,IN,2023,FT WAYNE MED ED PROG,,,0.0,0,no_match
Full Circle Health,ID,2023,FULL CIRCLE HEALTH,,,0.0,0,no_match
Garden City Hospital,MI,2023,GARDEN CITY HOSPITAL,GARDEN CITY,,0.0,0,no_match
Garnet Health Med Ctr,NY,2023,GARNET HEALTH MEDICAL CENTER,GARNET HEALTH,,0.0,0,no_match
Gateway Behavioral Hlth Comm Svc,GA,2023,GATEWAY BEHAVIORAL HLTH COMM SVC,,,0.0,0,no_match
Geisinger Health System,PA,2023,GEISINGER HEALTH SYSTEM,GEISINGER,GEISINGER CLINIC,10522726.0,13,parent_institution_with_state
Genesis Quad Cities,IA,2023,GENESIS QUAD CITIES,,,0.0,0,no_match
George Washington Univ,DC,2023,GEORGE WASHINGTON UNIVERSITY,,GEORGE WASHINGTON UNIVERSITY,78785838.0,138,full_normalized_with_state
Good Samaritan Hosp Med Ctr,NY,2023,GOOD SAMARITAN HOSP MEDICAL CENTER,GOOD SAMARITAN HOSP,,0.0,0,no_match
Good Samaritan Hosp-Cinn,OH,2023,GOOD SAMARITAN HOSP-CINN,,,0.0,0,no_match
Good Samaritan Univ Hosp,NY,2023,GOOD SAMARITAN UNIVERSITY HOSP,,,0.0,0,no_match
Gracelight Community Health,CA,2023,GRACELIGHT COMMUNITY HEALTH,,,0.0,0,no_match
Grand Strand Reg Med Ctr,SC,2023,GRAND STRAND REG MEDICAL CENTER,GRAND STRAND REG,,0.0,0,no_match
Greater Baltimore Med Ctr,MD,2023,GREATER BALTIMORE MEDICAL CENTER,GREATER BALTIMORE,,0.0,0,no_match
Greenbrier Valley Med Ctr,WV,2023,GREENBRIER VALLEY MEDICAL CENTER,GREENBRIER VALLEY,,0.0,0,no_match
Greenwich Hospital,CT,2023,GREENWICH HOSPITAL,GREENWICH,,0.0,0,no_match
Griffin Hospital,CT,2023,GRIFFIN HOSPITAL,GRIFFIN,,0.0,0,no_match
Griffin Memorial Hospital,OK,2023,GRIFFIN MEMORIAL HOSPITAL,GRIFFIN,,0.0,0,no_match
Grtr Lawrence Fam Hlth Ctr,MA,2023,GRTR LAWRENCE FAM HLTH CTR,,,0.0,0,no_match
Gundersen Lutheran Med Fdn,WI,2023,GUNDERSEN LUTHERAN MED FDN,,,0.0,0,no_match
Guthrie/Robert Packer Hosp,PA,2023,GUTHRIE,,,0.0,0,no_match
HCA Chippenham & Johnston-Willis Hosps,VA,2023,HCA CHIPPENHAM & JOHNSTON-WILLIS HOSPS,,,0.0,0,no_match
HCA Corpus Christi Med Ctr,TX,2023,HCA CORPUS CHRISTI MEDICAL CENTER,HCA CORPUS CHRISTI,,0.0,0,no_match
HCA Florida JFK Hosp-U Miami,FL,2023,HCA FLORIDA JFK HOSP-UNIVERSITY MIAMI,,,0.0,0,no_match
HCA Healthcare Kansas City,MO,2023,HCA HEALTHCARE KANSAS CITY,,,0.0,0,no_match
HCA Healthcare LGH-Montgomery/VCOM,VA,2023,HCA HEALTHCARE LGH-MONTGOMERY,,,0.0,0,no_match
HCA Healthcare/JFK Med Center-UMiami,FL,2023,HCA HEALTHCARE,,,0.0,0,no_match
HCA Healthcare/TriStar Nashville,TN,2023,HCA HEALTHCARE,,,0.0,0,no_match
HCA Healthcare/TriStar Southern Hills,TN,2023,HCA HEALTHCARE,,,0.0,0,no_match
HCA Healthcare/USF Morsani GME-Blake,FL,2023,HCA HEALTHCARE,,,0.0,0,no_match
HCA Healthcare/USF Morsani GME-Brandon,FL,2023,HCA HEALTHCARE,,,0.0,0,no_match
HCA Healthcare/USF Morsani GME-Citrus,FL,2023,HCA HEALTHCARE,,,0.0,0,no_match
HCA Healthcare/USF Morsani GME-Largo,FL,2023,HCA HEALTHCARE,,,0.0,0,no_match
HCA Healthcare/USF Morsani GME-Oak Hill,FL,2023,HCA HEALTHCARE,,,0.0,0,no_match
HCA Healthcare/USF Morsani GME-Sarasota,FL,2023,HCA HEALTHCARE,,,0.0,0,no_match
HCA Healthcare/USF Morsani GME-St Pete,FL,2023,HCA HEALTHCARE,,,0.0,0,no_match
HCA Healthcare/USF Morsani GME-Trinity,FL,2023,HCA HEALTHCARE,,,0.0,0,no_match
HCA Healthcare/USF Morsani-Bayonet Pt,FL,2023,HCA HEALTHCARE,,,0.0,0,no_match
HCA Healthcare/USF Morsani-Northside,FL,2023,HCA HEALTHCARE,,,0.0,0,no_match
HCA Houston Healthcare/U Houston,TX,2023,HCA HOUSTON HEALTHCARE,,,0.0,0,no_match
HCA Las Palmas del Sol Healthcare,TX,2023,HCA LAS PALMAS DEL SOL HEALTHCARE,,,0.0,0,no_match
HCA Medical City Healthcare,TX,2023,HCA MEDICAL CITY HEALTHCARE,,,0.0,0,no_match
HMH-Palisades Med Ctr,NJ,2023,HMH-PALISADES MEDICAL CENTER,HMH-PALISADES,,0.0,0,no_match
Hackensack U Med Ctr,NJ,2023,HACKENSACK UNIVERSITY MEDICAL CENTER,HACKENSACK UNIVERSITY,HACKENSACK UNIVERSITY MEDICAL CENTER,27752641.0,35,full_normalized_with_state
Halifax Med Ctr,FL,2023,HALIFAX MEDICAL CENTER,HALIFAX,,0.0,0,no_match
Hamilton Med Ctr,GA,2023,HAMILTON MEDICAL CENTER,HAMILTON,,0.0,0,no_match
Harbor-UCLA Med Ctr,CA,2023,HARBOR-UCLA MEDICAL CENTER,HARBOR-UCLA,LUNDQUIST INSTITUTE FOR BIOMEDICAL INNOVATION AT HARBOR-UCLA MEDICAL CENTER,19858519.0,41,full_normalized_with_state
Harlem Hospital Ctr,NY,2023,HARLEM HOSPITAL CTR,HARLEM,,0.0,0,no_match
Harrison Med Ctr,WA,2023,HARRISON MEDICAL CENTER,HARRISON,,0.0,0,no_match
Hartford Hospital,CT,2023,HARTFORD HOSPITAL,HARTFORD,HARTFORD HOSPITAL,2103869.0,3,full_normalized_with_state
Harvard South Shore,MA,2023,HARVARD SOUTH SHORE,,,0.0,0,no_match
Harvard Spaulding Rehab Hosp,MA,2023,HARVARD SPAULDING REHAB HOSP,,,0.0,0,no_match
Health Education Services,TN,2023,HEALTH EDUCATION SERVICES,,,0.0,0,no_match
HealthONE,CO,2023,HEALTHONE,,,0.0,0,no_match
HealthPartners Institute,MN,2023,HEALTHPARTNERS INSTITUTE,,HEALTHPARTNERS INSTITUTE,8881886.0,12,full_normalized_with_state
HealthPoint,WA,2023,HEALTHPOINT,,,0.0,0,no_match
Hennepin Co Med Ctr,MN,2023,HENNEPIN CO MEDICAL CENTER,HENNEPIN CO,,0.0,0,no_match
Henry Ford Genesys Hospital,MI,2023,HENRY FORD GENESYS HOSPITAL,HENRY FORD GENESYS,,0.0,0,no_match
Henry Ford Hospital,MI,2023,HENRY FORD HOSPITAL,HENRY FORD,HENRY FORD HEALTH SYSTEM,41866530.0,46,parent_institution_with_state
Henry Ford Jackson Hospital,MI,2023,HENRY FORD JACKSON HOSPITAL,HENRY FORD JACKSON,,0.0,0,no_match
Henry Ford Macomb Hospital,MI,2023,HENRY FORD MACOMB HOSPITAL,HENRY FORD MACOMB,,0.0,0,no_match
Henry Ford Providence Hosp,MI,2023,HENRY FORD PROVIDENCE HOSP,,,0.0,0,no_match
Henry Ford St John Hosp,MI,2023,HENRY FORD SAINT JOHN HOSP,,,0.0,0,no_match
Henry Ford Warren Hosp,MI,2023,HENRY FORD WARREN HOSP,,,0.0,0,no_match
Henry Ford Wyandotte Hospital,MI,2023,HENRY FORD WYANDOTTE HOSPITAL,HENRY FORD WYANDOTTE,,0.0,0,no_match
Heritage Valley Beaver,PA,2023,HERITAGE VALLEY BEAVER,,,0.0,0,no_match
Hidalgo Medical Services,NM,2023,HIDALGO MEDICAL SERVICES,,,0.0,0,no_match
Hilo Medical Center,HI,2023,HILO MEDICAL CENTER,,,0.0,0,no_match
Hinsdale Hospital,IL,2023,HINSDALE HOSPITAL,HINSDALE,,0.0,0,no_match
HonorHealth,AZ,2023,HONORHEALTH,,,0.0,0,no_match
Hosp Episcopal San Lucas,PR,2023,HOSP EPISCOPAL SAN LUCAS,,,0.0,0,no_match
Hosp For Special Surgery,NY,2023,HOSP FOR SPECIAL SURGERY,,HOSPITAL FOR SPECIAL SURGERY,11820767.0,30,full_normalized_with_state
Hospital de la Concepcion,PR,2023,HOSPITAL DE LA CONCEPCION,,,0.0,0,no_match
Houston Healthcare,GA,2023,HOUSTON HEALTHCARE,,,0.0,0,no_match
Howard Univ Hosp,DC,2023,HOWARD UNIVERSITY HOSP,,,0.0,0,no_match
Hunterdon Med Ctr,NJ,2023,HUNTERDON MEDICAL CENTER,HUNTERDON,,0.0,0,no_match
Huntington Memorial Hosp,CA,2023,HUNTINGTON MEMORIAL HOSP,HUNTINGTON,HUNTINGTON MEDICAL RESEARCH INSTITUTES,2144923.0,4,parent_institution_with_state
Hurley Medical Ctr,MI,2023,HURLEY MEDICAL CTR,,,0.0,0,no_match
ISMMS Mount Sinai Beth Israel,NY,2023,ISMMS MOUNT SINAI BETH ISRAEL,,,0.0,0,no_match
ISMMS Mount Sinai Hospital,NY,2023,ISMMS MOUNT SINAI HOSPITAL,ISMMS MOUNT SINAI,,0.0,0,no_match
ISMMS Mount Sinai Morningside-West,NY,2023,ISMMS MOUNT SINAI MORNINGSIDE-WEST,,,0.0,0,no_match
ISMMS Mount Sinai South Nassau,NY,2023,ISMMS MOUNT SINAI SOUTH NASSAU,,,0.0,0,no_match
ISMMS NYC Health+Hospitals/Elmhurst,NY,2023,ISMMS NYC HEALTH+HOSPITALS,,,0.0,0,no_match
ISMMS NYC Health+Hospitals/Queens,NY,2023,ISMMS NYC HEALTH+HOSPITALS,,,0.0,0,no_match
ISMMS Valley Health System,NJ,2023,ISMMS VALLEY HEALTH SYSTEM,ISMMS VALLEY,,0.0,0,no_match
In His Image Family Med,OK,2023,IN HIS IMAGE FAMILY MED,,,0.0,0,no_match
Inova Fairfax Hospital,VA,2023,INOVA FAIRFAX HOSPITAL,INOVA FAIRFAX,,0.0,0,no_match
Inspira Health Network,NJ,2023,INSPIRA HEALTH NETWORK,INSPIRA,,0.0,0,no_match
Institute for Family Health,NY,2023,INSTITUTE FOR FAMILY HEALTH,,,0.0,0,no_match
Integris Health,OK,2023,INTEGRIS HEALTH,,,0.0,0,no_match
Intermountain Med Ctr,UT,2023,INTERMOUNTAIN MEDICAL CENTER,INTERMOUNTAIN,,0.0,0,no_match
Iredell Health System,NC,2023,IREDELL HEALTH SYSTEM,IREDELL,,0.0,0,no_match
JFK Med Ctr,NJ,2023,JFK MEDICAL CENTER,,,0.0,0,no_match
JHME-Jefferson Einstein Montgomery,PA,2023,JHME-JEFFERSON EINSTEIN MONTGOMERY,,,0.0,0,no_match
JHME-Jefferson Einstein Philadelphia,PA,2023,JHME-JEFFERSON EINSTEIN PHILADELPHIA,,,0.0,0,no_match
Jackson Park Hosp,IL,2023,JACKSON PARK HOSP,,,0.0,0,no_match
Jacobi Med Ctr/Einstein,NY,2023,JACOBI MEDICAL CENTER,JACOBI,,0.0,0,no_match
Jamaica Hosp Med Ctr,NY,2023,JAMAICA HOSP MEDICAL CENTER,JAMAICA HOSP,,0.0,0,no_match
Jefferson Health-Northeast,PA,2023,JEFFERSON HEALTH-NORTHEAST,,,0.0,0,no_match
Jersey Shore Univ Med Ctr,NJ,2023,JERSEY SHORE UNIVERSITY MEDICAL CENTER,JERSEY SHORE UNIVERSITY,,0.0,0,no_match
Jessie Trice Comm Hlth Sys,FL,2023,JESSIE TRICE COMM HLTH SYS,,,0.0,0,no_match
Jewish Hospital,OH,2023,JEWISH HOSPITAL,JEWISH,,0.0,0,no_match
John Muir Health,CA,2023,JOHN MUIR HEALTH,,,0.0,0,no_match
John Peter Smith Hosp,TX,2023,JOHN PETER SMITH HOSP,,,0.0,0,no_match
Johns Hopkins All Childrens Hosp,FL,2023,JOHNS HOPKINS ALL CHILDREN'S HOSP,,,0.0,0,no_match
Johns Hopkins Bloomberg SPH,MD,2023,JOHNS HOPKINS BLOOMBERG SPH,,,0.0,0,no_match
Johns Hopkins Hosp,MD,2023,JOHNS HOPKINS HOSP,,,0.0,0,no_match
Johns Hopkins/Bayview,MD,2023,JOHNS HOPKINS,,JOHNS HOPKINS UNIVERSITY,988080001.0,1782,full_normalized_with_state
Johnston Memorial Hosp,VA,2023,JOHNSTON MEMORIAL HOSP,JOHNSTON,,0.0,0,no_match
KCU-GME Consortium,MO,2023,KCU- CONSORTIUM,,,0.0,0,no_match
KPC Health Hemet Valley Med Ctr,CA,2023,KPC HEALTH HEMET VALLEY MEDICAL CENTER,KPC HEALTH HEMET VALLEY,,0.0,0,no_match
Kadlec Regional Med Ctr,WA,2023,KADLEC REGIONAL MEDICAL CENTER,KADLEC,,0.0,0,no_match
Kaiser Permanente Mid-Atlantic,MD,2023,KAISER PERMANENTE MID-ATLANTIC,,,0.0,0,no_match
Kaiser Permanente-Central Valley,CA,2023,KAISER PERMANENTE-CENTRAL VALLEY,,,0.0,0,no_match
Kaiser Permanente-Fontana,CA,2023,KAISER PERMANENTE-FONTANA,,,0.0,0,no_match
Kaiser Permanente-Los Angeles,CA,2023,KAISER PERMANENTE-LOS ANGELES,,,0.0,0,no_match
Kaiser Permanente-Napa/Solano,CA,2023,KAISER PERMANENTE-NAPA,,,0.0,0,no_match
Kaiser Permanente-Oakland,CA,2023,KAISER PERMANENTE-OAKLAND,,,0.0,0,no_match
Kaiser Permanente-Orange Co,CA,2023,KAISER PERMANENTE-ORANGE CO,,,0.0,0,no_match
Kaiser Permanente-Riverside,CA,2023,KAISER PERMANENTE-RIVERSIDE,,,0.0,0,no_match
Kaiser Permanente-SF,CA,2023,KAISER PERMANENTE-SF,,,0.0,0,no_match
Kaiser Permanente-Sacramento Valley,CA,2023,KAISER PERMANENTE-SACRAMENTO VALLEY,,,0.0,0,no_match
Kaiser Permanente-San Diego,CA,2023,KAISER PERMANENTE-SAN DIEGO,,,0.0,0,no_match
Kaiser Permanente-San Jose,CA,2023,KAISER PERMANENTE-SAN JOSE,,,0.0,0,no_match
Kaiser Permanente-Santa Clara,CA,2023,KAISER PERMANENTE-SANTA CLARA,,,0.0,0,no_match
Kaiser Permanente-Santa Rosa,CA,2023,KAISER PERMANENTE-SANTA ROSA,,,0.0,0,no_match
Kaiser Permanente-Woodland Hills,CA,2023,KAISER PERMANENTE-WOODLAND HILLS,,,0.0,0,no_match
Kaweah Delta Health Care District,CA,2023,KAWEAH DELTA HEALTH CARE DISTRICT,,,0.0,0,no_match
Keck School of Medicine of USC,CA,2023,KECK SCHOOL OF MEDICINE OF USC,,,0.0,0,no_match
Kendall Regional Med Ctr,FL,2023,KENDALL REGIONAL MEDICAL CENTER,KENDALL,,0.0,0,no_match
Kent Hospital,RI,2023,KENT HOSPITAL,,KENT COUNTY MEMORIAL HOSPITAL,679452.0,1,full_normalized_with_state
Keralty Hospital,FL,2023,KERALTY HOSPITAL,KERALTY,,0.0,0,no_match
Kern Med Ctr,CA,2023,KERN MEDICAL CENTER,,,0.0,0,no_match
Kettering Health Network,OH,2023,KETTERING HEALTH NETWORK,KETTERING,,0.0,0,no_match
Kirk Kerkorian SOM at UNLV,NV,2023,KIRK KERKORIAN SOM AT UNLV,,,0.0,0,no_match
Kootenai Health,ID,2023,KOOTENAI HEALTH,,,0.0,0,no_match
LECOM Health,PA,2023,LECOM HEALTH,,,0.0,0,no_match
LSU SOM-Baton Rouge,LA,2023,LSU SOM-BATON ROUGE,,,0.0,0,no_match
LSU SOM-New Orleans,LA,2023,LSU SOM-NEW ORLEANS,,,0.0,0,no_match
LSUHSC University Hosps & Clinics,LA,2023,LSUHSC UNIVERSITY HOSPS & CLINICS,,,0.0,0,no_match
LSUHSC-Lake Charles,LA,2023,LSUHSC-LAKE CHARLES,,,0.0,0,no_match
LSUHSC-Shreveport,LA,2023,LSUHSC-SHREVEPORT,,,0.0,0,no_match
La Grange Mem Hosp,IL,2023,LA GRANGE MEMORIAL HOSPITAL,LA GRANGE,,0.0,0,no_match
La Maestra Family Clinic Inc,CA,2023,LA MAESTRA FAMILY CLINIC INC,,,0.0,0,no_match
Lahey Clinic,MA,2023,LAHEY CLINIC,,,0.0,0,no_match
Lake Cumberland Regional Hosp,KY,2023,LAKE CUMBERLAND REGIONAL HOSP,LAKE CUMBERLAND,,0.0,0,no_match
Lake Granbury Med Ctr,TX,2023,LAKE GRANBURY MEDICAL CENTER,LAKE GRANBURY,,0.0,0,no_match
Lakeland Regional Health,FL,2023,LAKELAND REGIONAL HEALTH,LAKELAND,,0.0,0,no_match
Lakeside Med Ctr,FL,2023,LAKESIDE MEDICAL CENTER,LAKESIDE,,0.0,0,no_match
Lancaster Gen Hosp,PA,2023,LANCASTER GEN HOSP,,,0.0,0,no_match
Lankenau Med Ctr,PA,2023,LANKENAU MEDICAL CENTER,LANKENAU,LANKENAU INSTITUTE FOR MEDICAL RESEARCH,2308886.0,4,parent_institution_with_state
Larkin Comm Hosp Palm Springs Campus,FL,2023,LARKIN COMM HOSP PALM SPRINGS CAMPUS,,,0.0,0,no_match
Larkin Community Hospital,FL,2023,LARKIN COMMUNITY HOSPITAL,LARKIN COMMUNITY,,0.0,0,no_match
Lawndale Christian Health Ctr,IL,2023,LAWNDALE CHRISTIAN HEALTH CTR,,,0.0,0,no_match
Legacy Emanuel/Good Samaritan,OR,2023,LEGACY EMANUEL,,LEGACY EMANUEL HOSPITAL AND HEALTH CENTER,1892368.0,3,full_normalized_with_state
Legacy Salmon Creek Med Ctr,WA,2023,LEGACY SALMON CREEK MEDICAL CENTER,LEGACY SALMON CREEK,,0.0,0,no_match
Lehigh Valley Hosp,PA,2023,LEHIGH VALLEY HOSP,,,0.0,0,no_match
Lemuel Shattuck Hosp,MA,2023,LEMUEL SHATTUCK HOSP,,,0.0,0,no_match
Leonard J Chabert Med Ctr,LA,2023,LEONARD J CHABERT MEDICAL CENTER,LEONARD J CHABERT,,0.0,0,no_match
Lewis County Primary Care Ctr,KY,2023,LEWIS COUNTY PRIMARY CARE CTR,,,0.0,0,no_match
LewisGale Med Ctr,VA,2023,LEWISGALE MEDICAL CENTER,LEWISGALE,,0.0,0,no_match
Lexington Med Ctr,SC,2023,LEXINGTON MEDICAL CENTER,LEXINGTON,,0.0,0,no_match
Liberty Univ COM,VA,2023,LIBERTY UNIVERSITY COM,,,0.0,0,no_match
Lifelong Medical Care,CA,2023,LIFELONG MEDICAL CARE,,,0.0,0,no_match
Lincoln Med Ctr,NY,2023,LINCOLN MEDICAL CENTER,LINCOLN,,0.0,0,no_match
Lincoln Med Ed Partnership,NE,2023,LINCOLN MED ED PARTNERSHIP,,,0.0,0,no_match
Loma Linda Univ Med Ctr-Murrieta,CA,2023,LOMA LINDA UNIVERSITY MEDICAL CENTER-MURRIETA,LOMA LINDA UNIVERSITY,LOMA LINDA UNIVERSITY,9361951.0,20,parent_institution_with_state
Loma Linda University,CA,2023,LOMA LINDA UNIVERSITY,,LOMA LINDA UNIVERSITY,9361951.0,20,full_normalized_with_state
Long Beach Mem Med Ctr,CA,2023,LONG BEACH MEMORIAL MEDICAL CENTER,LONG BEACH,CALIFORNIA STATE UNIVERSITY LONG BEACH,5554196.0,17,parent_institution_with_state
Long Island Community Hosp,NY,2023,LONG ISLAND COMMUNITY HOSP,,,0.0,0,no_match
Los Robles Health System,CA,2023,LOS ROBLES HEALTH SYSTEM,LOS ROBLES,,0.0,0,no_match
Lower Bucks Hosp,PA,2023,LOWER BUCKS HOSP,,,0.0,0,no_match
Loyola Univ Med Ctr,IL,2023,LOYOLA UNIVERSITY MEDICAL CENTER,LOYOLA UNIVERSITY,LOYOLA UNIVERSITY CHICAGO,23445876.0,69,parent_institution_with_state
Lynchburg Fam Med Res,VA,2023,LYNCHBURG FAM MED RES,,,0.0,0,no_match
MGB-Brigham & Womens Hosp,MA,2023,MGB-BRIGHAM & WOMEN'S HOSP,,,0.0,0,no_match
MHC Healthcare,AZ,2023,MHC HEALTHCARE,,,0.0,0,no_match
MSUCOM Statewide Campus Sys,MI,2023,MSUCOM STATEWIDE CAMPUS SYS,,,0.0,0,no_match
MacNeal Hospital,IL,2023,MACNEAL HOSPITAL,MACNEAL,,0.0,0,no_match
Magnolia Regional Health Ctr,MS,2023,MAGNOLIA REGIONAL HEALTH CTR,MAGNOLIA,,0.0,0,no_match
Maimonides Med Ctr,NY,2023,MAIMONIDES MEDICAL CENTER,MAIMONIDES,,0.0,0,no_match
Manatee Memorial Hosp,FL,2023,MANATEE MEMORIAL HOSP,MANATEE,,0.0,0,no_match
Marian Regional Med Ctr,CA,2023,MARIAN REGIONAL MEDICAL CENTER,MARIAN,,0.0,0,no_match
Marianjoy Rehab Hosp,IL,2023,MARIANJOY REHAB HOSP,,,0.0,0,no_match
Marion Health,IN,2023,MARION HEALTH,,,0.0,0,no_match
Marshall Community Health,WV,2023,MARSHALL COMMUNITY HEALTH,,,0.0,0,no_match
Marshall University SOM,WV,2023,MARSHALL UNIVERSITY SOM,,,0.0,0,no_match
Marshfield Clinic,WI,2023,MARSHFIELD CLINIC,,"MARSHFIELD CLINIC, INC.",7170787.0,6,full_normalized_with_state
Mary Free Bed Hospital,MI,2023,MARY FREE BED HOSPITAL,MARY FREE BED,,0.0,0,no_match
Mary Washington Healthcare,VA,2023,MARY WASHINGTON HEALTHCARE,,,0.0,0,no_match
Mass General Brigham,MA,2023,MASS GENERAL BRIGHAM,,,0.0,0,no_match
Mayo Clinic School of Grad Med Educ,AZ,2023,MAYO CLINIC SCHOOL OF GRADUATE MEDICAL EDUCATION,MAYO CLINIC,MAYO CLINIC ARIZONA,25906679.0,54,parent_institution_with_state
McKay-Dee Hospital Ctr,UT,2023,MCKAY-DEE HOSPITAL CTR,MCKAY-DEE,,0.0,0,no_match
McLaren Health Care Corp,MI,2023,MCLAREN HEALTH CARE CORP,,,0.0,0,no_match
McLeod Reg Med Ctr,SC,2023,MCLEOD REG MEDICAL CENTER,MCLEOD REG,,0.0,0,no_match
Meadville Med Ctr,PA,2023,MEADVILLE MEDICAL CENTER,MEADVILLE,,0.0,0,no_match
MedStar Franklin Square Med Ctr,MD,2023,MEDSTAR FRANKLIN SQUARE MEDICAL CENTER,MEDSTAR FRANKLIN SQUARE,,0.0,0,no_match
MedStar Georgetown Univ Hosp,DC,2023,MEDSTAR GEORGETOWN UNIVERSITY HOSP,,,0.0,0,no_match
MedStar National Rehab Hosp,DC,2023,MEDSTAR NATIONAL REHAB HOSP,,,0.0,0,no_match
MedStar Union Memorial Hosp,MD,2023,MEDSTAR UNION MEMORIAL HOSP,MEDSTAR UNION,,0.0,0,no_match
MedStar Washington Hosp Ctr,DC,2023,MEDSTAR WASHINGTON HOSP CTR,,,0.0,0,no_match
Meharry Medical College,TN,2023,MEHARRY MEDICAL COLLEGE,MEHARRY,MEHARRY MEDICAL COLLEGE,22080566.0,51,full_normalized_with_state
Memorial Health System,OH,2023,MEMORIAL HEALTH SYSTEM,MEMORIAL,BATTELLE MEMORIAL INSTITU,20387659.0,9,parent_institution_with_state
Memorial Health Univ Med Ctr,GA,2023,MEMORIAL HEALTH UNIVERSITY MEDICAL CENTER,MEMORIAL HEALTH UNIVERSITY,,0.0,0,no_match
Memorial Healthcare System,FL,2023,MEMORIAL HEALTHCARE SYSTEM,MEMORIAL,,0.0,0,no_match
Memorial Hermann Hosp,TX,2023,MEMORIAL HERMANN HOSP,,,0.0,0,no_match
Memorial Hospital,IN,2023,MEMORIAL HOSPITAL,MEMORIAL,,0.0,0,no_match
Memorial Hospital at Gulfport,MS,2023,MEMORIAL HOSPITAL AT GULFPORT,MEMORIAL,,0.0,0,no_match
Memorial Med Ctr,NM,2023,MEMORIAL MEDICAL CENTER,MEMORIAL,,0.0,0,no_match
Memorial Sloan-Kettering,NY,2023,MEMORIAL SLOAN-KETTERING,,,0.0,0,no_match
Mercy Catholic Med Ctr,PA,2023,MERCY CATHOLIC MEDICAL CENTER,MERCY CATHOLIC,,0.0,0,no_match
Mercy Health System,WI,2023,MERCY HEALTH SYSTEM,MERCY,,0.0,0,no_match
Mercy Health-Anderson Hosp,OH,2023,MERCY HEALTH-ANDERSON HOSP,,,0.0,0,no_match
Mercy Health-St Ritas Med Ctr,OH,2023,MERCY HEALTH-SAINT RITAS MEDICAL CENTER,MERCY HEALTH-SAINT RITAS,,0.0,0,no_match
Mercy Hospital St Louis,MO,2023,MERCY HOSPITAL SAINT LOUIS,MERCY,"CHILDREN'S MERCY HOSP (KANSAS CITY, MO)",14859069.0,35,parent_institution_with_state
Mercy Med Ctr-Des Moines,IA,2023,MERCY MEDICAL CENTER-DES MOINES,MERCY,,0.0,0,no_match
Mercy Med Ctr-Merced,CA,2023,MERCY MEDICAL CENTER-MERCED,MERCY,,0.0,0,no_match
Mercy Med Ctr-Redding,CA,2023,MERCY MEDICAL CENTER-REDDING,MERCY,,0.0,0,no_match
Mercy St Vincent Med Ctr,OH,2023,MERCY SAINT VINCENT MEDICAL CENTER,MERCY SAINT VINCENT,,0.0,0,no_match
Mercyhealth GME Consortium,IL,2023,MERCYHEALTH CONSORTIUM,MERCYHEALTH,,0.0,0,no_match
Merit Health Wesley,MS,2023,MERIT HEALTH WESLEY,,,0.0,0,no_match
Meritus Medical Center,MD,2023,MERITUS MEDICAL CENTER,MERITUS,,0.0,0,no_match
Methodist Health System Dallas,TX,2023,METHODIST HEALTH SYSTEM DALLAS,METHODIST,METHODIST HOSPITAL RESEARCH INSTITUTE,45129580.0,95,parent_institution_with_state
Methodist Healthcare Memphis Hosps,TN,2023,METHODIST HEALTHCARE MEMPHIS HOSPS,,,0.0,0,no_match
Methodist Healthcare Sys-San Antonio,TX,2023,METHODIST HEALTHCARE SYS-SAN ANTONIO,,,0.0,0,no_match
Methodist Hospital-Houston,TX,2023,METHODIST HOSPITAL-HOUSTON,METHODIST,METHODIST HOSPITAL RESEARCH INSTITUTE,45129580.0,95,parent_institution_with_state
Methodist Med Ctr of Oak Ridge,TN,2023,METHODIST MEDICAL CENTER OF OAK RIDGE,METHODIST,,0.0,0,no_match
MetroWest Med Ctr-Framingham,MA,2023,METROWEST MEDICAL CENTER-FRAMINGHAM,METROWEST,,0.0,0,no_match
Middlesex Hospital,CT,2023,MIDDLESEX HOSPITAL,MIDDLESEX,,0.0,0,no_match
Midwestern University OPTI,AZ,2023,MIDWESTERN UNIVERSITY OPTI,,,0.0,0,no_match
Mission Community Hosp,CA,2023,MISSION COMMUNITY HOSP,,,0.0,0,no_match
Mobile Infirmary Med Ctr,AL,2023,MOBILE INFIRMARY MEDICAL CENTER,MOBILE INFIRMARY,,0.0,0,no_match
Mohawk Valley Health Sys,NY,2023,MOHAWK VALLEY HEALTH SYS,,,0.0,0,no_match
Montefiore Med Ctr/Einstein,NY,2023,MONTEFIORE MEDICAL CENTER,MONTEFIORE,"MONTEFIORE MEDICAL CENTER (BRONX, NY)",929392.0,1,full_normalized_with_state
Montefiore St Lukes Cornwall,NY,2023,MONTEFIORE SAINT LUKES CORNWALL,,,0.0,0,no_match
Montefiore-New Rochelle/Einstein,NY,2023,MONTEFIORE-NEW ROCHELLE,,,0.0,0,no_match
Morehouse Sch of Med,GA,2023,MOREHOUSE SCH OF MED,,MOREHOUSE SCHOOL OF MEDICINE,33255544.0,55,full_normalized_with_state
Mount Carmel Health System,OH,2023,MOUNT CARMEL HEALTH SYSTEM,MOUNT CARMEL,,0.0,0,no_match
Mountain AHEC,NC,2023,MOUNTAIN AHEC,,,0.0,0,no_match
Mountain State OPTI,WV,2023,MOUNTAIN STATE OPTI,,,0.0,0,no_match
Mountain States Institute,ID,2023,MOUNTAIN STATES INSTITUTE,,,0.0,0,no_match
MountainView Reg Med Ctr,NM,2023,MOUNTAINVIEW REG MEDICAL CENTER,MOUNTAINVIEW REG,,0.0,0,no_match
Mountainside Hosp,NJ,2023,MOUNTAINSIDE HOSP,,,0.0,0,no_match
Mt Auburn Hospital,MA,2023,MOUNT AUBURN HOSPITAL,MOUNT AUBURN,,0.0,0,no_match
Mt Sinai Hosp Med Ctr,IL,2023,MOUNT SINAI HOSP MEDICAL CENTER,MOUNT SINAI HOSP,,0.0,0,no_match
Mt Sinai Med Ctr-Miami,FL,2023,MOUNT SINAI MEDICAL CENTER-MIAMI,MOUNT SINAI,,0.0,0,no_match
MultiCare Health System,WA,2023,MULTICARE HEALTH SYSTEM,MULTICARE,,0.0,0,no_match
Munson Med Ctr,MI,2023,MUNSON MEDICAL CENTER,MUNSON,,0.0,0,no_match
MyMichigan Med Ctr Midland,MI,2023,MYMICHIGAN MEDICAL CENTER MIDLAND,MYMICHIGAN,,0.0,0,no_match
NCH Healthcare Sys,FL,2023,NCH HEALTHCARE SYS,,,0.0,0,no_match
NYCOMEC,NY,2023,NYCOMEC,,,0.0,0,no_match
NYMC-Landmark Med Ctr,RI,2023,NYMC-LANDMARK MEDICAL CENTER,NYMC-LANDMARK,,0.0,0,no_match
NYMC-Metropolitan Hosp Ctr,NY,2023,NYMC-METROPOLITAN HOSP CTR,,,0.0,0,no_match
NYMC-St Josephs Med Ctr,NY,2023,NYMC-SAINT JOSEPHS MEDICAL CENTER,NYMC-SAINT JOSEPHS,,0.0,0,no_match
NYMC-St Marys and St Clares,NY,2023,NYMC-SAINT MARYS AND SAINT CLARES,,,0.0,0,no_match
NYMC-St Michaels Med Ctr,NJ,2023,NYMC-SAINT MICHAELS MEDICAL CENTER,NYMC-SAINT MICHAELS,,0.0,0,no_match
NYMC-Westchester/Metropolitan,NY,2023,NYMC-WESTCHESTER,,,0.0,0,no_match
NYP Brooklyn Methodist Hosp,NY,2023,NYP BROOKLYN METHODIST HOSP,,,0.0,0,no_match
NYP Hosp-Columbia & Cornell,NY,2023,NYP HOSP-COLUMBIA & CORNELL,,,0.0,0,no_match
NYP Hosp-Columbia Univ Med Ctr,NY,2023,NYP HOSP-COLUMBIA UNIVERSITY MEDICAL CENTER,NYP HOSP-COLUMBIA UNIVERSITY,,0.0,0,no_match
NYP Hosp-Weill Cornell Med Ctr,NY,2023,NYP HOSP-WEILL CORNELL MEDICAL CENTER,NYP HOSP-WEILL CORNELL,,0.0,0,no_match
NYU Grossman Long Island SOM,NY,2023,NEW YORK UNIVERSITY GROSSMAN LONG ISLAND SOM,,,0.0,0,no_match
NYU Grossman School Of Medicine,NY,2023,NEW YORK UNIVERSITY GROSSMAN SCHOOL OF MEDICINE,NEW YORK UNIVERSITY GROSSMAN,,0.0,0,no_match
Nassau Univ Med Ctr,NY,2023,NASSAU UNIVERSITY MEDICAL CENTER,NASSAU UNIVERSITY,,0.0,0,no_match
Nationwide Childrens Hosp,OH,2023,NATIONWIDE CHILDREN'S HOSP,,RESEARCH INST NATIONWIDE CHILDREN'S HOSP,74036326.0,144,full_normalized_with_state
Natividad Med Ctr,CA,2023,NATIVIDAD MEDICAL CENTER,NATIVIDAD,,0.0,0,no_match
Natl Insts of Health,MD,2023,NATL INSTS OF HEALTH,,,0.0,0,no_match
Nazareth Hospital,PA,2023,NAZARETH HOSPITAL,NAZARETH,,0.0,0,no_match
Nemours Childrens Hosp,FL,2023,NEMOURS CHILDREN'S HOSP,,"NEMOURS CHILDREN'S HOSPITAL, ORLANDO",591883.0,2,full_normalized_with_state
New Bridge Med Ctr,NJ,2023,NEW BRIDGE MEDICAL CENTER,NEW BRIDGE,,0.0,0,no_match
New Hanover Reg Med Ctr,NC,2023,NEW HANOVER REG MEDICAL CENTER,NEW HANOVER REG,,0.0,0,no_match
Newton-Wellesley Hosp,MA,2023,NEWTON-WELLESLEY HOSP,,,0.0,0,no_match
Niagara Falls Mem Med Ctr,NY,2023,NIAGARA FALLS MEMORIAL MEDICAL CENTER,NIAGARA FALLS,,0.0,0,no_match
Nicklaus Childrens Hospital-Miami,FL,2023,NICKLAUS CHILDREN'S HOSPITAL-MIAMI,NICKLAUS CHILDREN'S,,0.0,0,no_match
North Country HealthCare,AZ,2023,NORTH COUNTRY HEALTHCARE,,,0.0,0,no_match
North East Medical Services,CA,2023,NORTH EAST MEDICAL SERVICES,,,0.0,0,no_match
North Oaks Med Ctr LLC,LA,2023,NORTH OAKS MEDICAL CENTER LLC,NORTH OAKS,,0.0,0,no_match
North Shore Med Ctr/Salem Hosp,MA,2023,NORTH SHORE MEDICAL CENTER,NORTH SHORE,,0.0,0,no_match
Northside Hospital Gwinnett,GA,2023,NORTHSIDE HOSPITAL GWINNETT,NORTHSIDE,NORTHSIDE HOSPITAL ATLANTA,1976366.0,2,parent_institution_with_state
Northwestern McGaw/Lurie Childrens,IL,2023,NORTHWESTERN MCGAW,,,0.0,0,no_match
Northwestern McGaw/NMH/VA,IL,2023,NORTHWESTERN MCGAW,,,0.0,0,no_match
Northwestern McGaw/SRAL,IL,2023,NORTHWESTERN MCGAW,,,0.0,0,no_match
Norton Community Hosp,VA,2023,NORTON COMMUNITY HOSP,,,0.0,0,no_match
Norwalk Hospital,CT,2023,NORWALK HOSPITAL,NORWALK,,0.0,0,no_match
Nova Southeastern University KPCOM,FL,2023,NOVA SOUTHEASTERN UNIVERSITY KPCOM,,,0.0,0,no_match
Novant Health,NC,2023,NOVANT HEALTH,,,0.0,0,no_match
Nuvance Health,NY,2023,NUVANCE HEALTH,,,0.0,0,no_match
Nuvance Health Consortium,NY,2023,NUVANCE HEALTH CONSORTIUM,NUVANCE HEALTH,,0.0,0,no_match
OBH Brookdale Univ Hosp Med Ctr,NY,2023,OBH BROOKDALE UNIVERSITY HOSP MEDICAL CENTER,OBH BROOKDALE UNIVERSITY HOSP,,0.0,0,no_match
OBH Interfaith Med Ctr,NY,2023,OBH INTERFAITH MEDICAL CENTER,OBH INTERFAITH,,0.0,0,no_match
OBH Kingsbrook Jewish Med Ctr,NY,2023,OBH KINGSBROOK JEWISH MEDICAL CENTER,OBH KINGSBROOK JEWISH,,0.0,0,no_match
OMECO,OK,2023,OMECO,,,0.0,0,no_match
Oakland Integrated Healthcare Network,MI,2023,OAKLAND INTEGRATED HEALTHCARE NETWORK,,,0.0,0,no_match
Oakland Physicians Med Ctr,MI,2023,OAKLAND PHYSICIANS MEDICAL CENTER,OAKLAND PHYSICIANS,,0.0,0,no_match
Ocean University Med Ctr,NJ,2023,OCEAN UNIVERSITY MEDICAL CENTER,OCEAN UNIVERSITY,,0.0,0,no_match
Ochsner Clinic Foundation,LA,2023,OCHSNER CLINIC FOUNDATION,,,0.0,0,no_match
Ochsner Lafayette Gen Med Ctr,LA,2023,OCHSNER LAFAYETTE GEN MEDICAL CENTER,OCHSNER LAFAYETTE GEN,,0.0,0,no_match
Olive View-UCLA Med Ctr,CA,2023,OLIVE VIEW-UCLA MEDICAL CENTER,OLIVE VIEW-UCLA,,0.0,0,no_match
Orlando Health,FL,2023,ORLANDO HEALTH,,,0.0,0,no_match
Our Lady Of Lourdes,NY,2023,OUR LADY OF LOURDES,,,0.0,0,no_match
Our Lady of the Lake Reg Med Ctr,LA,2023,OUR LADY OF THE LAKE REG MEDICAL CENTER,OUR LADY OF THE LAKE REG,,0.0,0,no_match
PIH Health Hosp Downey,CA,2023,PIH HEALTH HOSP DOWNEY,,,0.0,0,no_match
Palm Beach Consortium for GME,FL,2023,PALM BEACH CONSORTIUM FOR,PALM BEACH,,0.0,0,no_match
Palmetto General Hosp,FL,2023,PALMETTO GENERAL HOSP,,,0.0,0,no_match
Parkview Health,IN,2023,PARKVIEW HEALTH,,,0.0,0,no_match
Parkview Med Ctr,CO,2023,PARKVIEW MEDICAL CENTER,PARKVIEW,,0.0,0,no_match
PeaceHealth Southwest Med Ctr,WA,2023,PEACEHEALTH SOUTHWEST MEDICAL CENTER,PEACEHEALTH SOUTHWEST,,0.0,0,no_match
Penn Highlands Healthcare,PA,2023,PENN HIGHLANDS HEALTHCARE,,,0.0,0,no_match
Penn State Hershey Med Ctr,PA,2023,PENN STATE HERSHEY MEDICAL CENTER,PENN STATE HERSHEY,PENNSYLVANIA STATE UNIV HERSHEY MED CTR,77194973.0,161,parent_institution_with_state
Penrose Hospital,CO,2023,PENROSE HOSPITAL,PENROSE,,0.0,0,no_match
Philadelphia Coll of Osteo Med,PA,2023,PHILADELPHIA COLL OF OSTEO MED,,PHILADELPHIA COLLEGE OF OSTEOPATHIC MED,151600.0,1,full_normalized_with_state
Phoebe Putney Mem Hosp,GA,2023,PHOEBE PUTNEY MEMORIAL HOSPITAL,PHOEBE PUTNEY,,0.0,0,no_match
Phoenix Childrens Hospital,AZ,2023,PHOENIX CHILDREN'S HOSPITAL,PHOENIX CHILDREN'S,PHOENIX CHILDREN'S HOSPITAL,913893.0,2,full_normalized_with_state
Piedmont Athens Regional,GA,2023,PIEDMONT ATHENS REGIONAL,PIEDMONT ATHENS,,0.0,0,no_match
Piedmont Columbus Regional,GA,2023,PIEDMONT COLUMBUS REGIONAL,PIEDMONT COLUMBUS,,0.0,0,no_match
Piedmont Macon Med Ctr,GA,2023,PIEDMONT MACON MEDICAL CENTER,PIEDMONT MACON,,0.0,0,no_match
Pine Rest Christian Mental Hlth Svcs,MI,2023,PINE REST CHRISTIAN MENTAL HLTH SVCS,,,0.0,0,no_match
Pomona Valley Hosp,CA,2023,POMONA VALLEY HOSP,,,0.0,0,no_match
Ponce Health Sciences Univ SOM,PR,2023,PONCE HEALTH SCIENCES UNIVERSITY SOM,,,0.0,0,no_match
Portsmouth Regional Hosp,NH,2023,PORTSMOUTH REGIONAL HOSP,PORTSMOUTH,,0.0,0,no_match
Poudre Valley Hospital,CO,2023,POUDRE VALLEY HOSPITAL,POUDRE VALLEY,,0.0,0,no_match
Presby Intercommunity Hosp,CA,2023,PRESBY INTERCOMMUNITY HOSP,,,0.0,0,no_match
Presbyterian Hosp-Dallas,TX,2023,PRESBYTERIAN HOSP-DALLAS,,,0.0,0,no_match
Prime South Consortium,TX,2023,PRIME SOUTH CONSORTIUM,PRIME SOUTH,,0.0,0,no_match
Prime West Consortium,CA,2023,PRIME WEST CONSORTIUM,PRIME WEST,,0.0,0,no_match
Prime West/West Anaheim Med Ctr,CA,2023,PRIME WEST,,,0.0,0,no_match
ProHealth Waukesha Mem Hosp,WI,2023,PROHEALTH WAUKESHA MEMORIAL HOSPITAL,PROHEALTH WAUKESHA,,0.0,0,no_match
Project Vida Health Ctr,TX,2023,PROJECT VIDA HEALTH CTR,,,0.0,0,no_match
Promedica Monroe Reg Hosp,MI,2023,PROMEDICA MONROE REG HOSP,,,0.0,0,no_match
Providence Health,OR,2023,PROVIDENCE HEALTH,,,0.0,0,no_match
Providence Hospital,AK,2023,PROVIDENCE HOSPITAL,PROVIDENCE,,0.0,0,no_match
Providence Sacred Heart Med Ctr,WA,2023,PROVIDENCE SACRED HEART MEDICAL CENTER,PROVIDENCE SACRED HEART,,0.0,0,no_match
Providence St Peter Hospital,WA,2023,PROVIDENCE SAINT PETER HOSPITAL,PROVIDENCE SAINT PETER,,0.0,0,no_match
Puyallup Tribal Health Authority,WA,2023,PUYALLUP TRIBAL HEALTH AUTHORITY,,,0.0,0,no_match
Quincy Fam Prac Ctr,IL,2023,QUINCY FAM PRAC CTR,,,0.0,0,no_match
Quinnipiac Univ/Netter MD SOM,CT,2023,QUINNIPIAC UNIVERSITY,,,0.0,0,no_match
RFUMS/Chicago Medical School,IL,2023,RFUMS,,,0.0,0,no_match
Rapid City Hospital,SD,2023,RAPID CITY HOSPITAL,RAPID CITY,,0.0,0,no_match
Rapides Reg Med Ctr,LA,2023,RAPIDES REG MEDICAL CENTER,RAPIDES REG,,0.0,0,no_match
Rehoboth McKinley CHCS,NM,2023,REHOBOTH MCKINLEY CHCS,,,0.0,0,no_match
Richmond Univ Med Ctr,NY,2023,RICHMOND UNIVERSITY MEDICAL CENTER,RICHMOND UNIVERSITY,,0.0,0,no_match
Riverside Community Hospital,CA,2023,RIVERSIDE COMMUNITY HOSPITAL,RIVERSIDE COMMUNITY,,0.0,0,no_match
Riverside Medical Ctr,IL,2023,RIVERSIDE MEDICAL CTR,,,0.0,0,no_match
Riverside Reg Med Ctr,VA,2023,RIVERSIDE REG MEDICAL CENTER,RIVERSIDE REG,,0.0,0,no_match
Riverside University Health Sys,CA,2023,RIVERSIDE UNIVERSITY HEALTH SYS,,,0.0,0,no_match
Rochester Gen Hosp,NY,2023,ROCHESTER GEN HOSP,,,0.0,0,no_match
Rochester Regional Health/Unity Hosp,NY,2023,ROCHESTER REGIONAL HEALTH,ROCHESTER,UNIVERSITY OF ROCHESTER,220593778.0,517,parent_institution_with_state
Roger Williams Med Ctr,RI,2023,ROGER WILLIAMS MEDICAL CENTER,ROGER WILLIAMS,,0.0,0,no_match
Roseburg Family Medicine,OR,2023,ROSEBURG FAMILY MEDICINE,,,0.0,0,no_match
Rowan University SOM,NJ,2023,ROWAN UNIVERSITY SOM,,,0.0,0,no_match
Rush University Med Ctr,IL,2023,RUSH UNIVERSITY MEDICAL CENTER,RUSH UNIVERSITY,RUSH UNIVERSITY MEDICAL CENTER,77099367.0,122,full_normalized_with_state
Rush-Copley Mem Hosp,IL,2023,RUSH-COPLEY MEMORIAL HOSPITAL,RUSH-COPLEY,,0.0,0,no_match
Rutgers-Community Med Ctr,NJ,2023,RUTGERS-COMMUNITY MEDICAL CENTER,RUTGERS-COMMUNITY,,0.0,0,no_match
Rutgers-Cooperman Barnabas Med Ctr,NJ,2023,RUTGERS-COOPERMAN BARNABAS MEDICAL CENTER,RUTGERS-COOPERMAN BARNABAS,,0.0,0,no_match
Rutgers-Jersey City Med Ctr,NJ,2023,RUTGERS-JERSEY CITY MEDICAL CENTER,RUTGERS-JERSEY CITY,,0.0,0,no_match
Rutgers-Monmouth Med Ctr,NJ,2023,RUTGERS-MONMOUTH MEDICAL CENTER,RUTGERS-MONMOUTH,,0.0,0,no_match
Rutgers-Newark Beth Israel Med Ctr,NJ,2023,RUTGERS-NEWARK BETH ISRAEL MEDICAL CENTER,RUTGERS-NEWARK BETH ISRAEL,,0.0,0,no_match
Rutgers-R W Johnson Medical School,NJ,2023,RUTGERS-R W JOHNSON MEDICAL SCHOOL,,,0.0,0,no_match
Rutgers-RWJUH Somerset,NJ,2023,RUTGERS-RWJUH SOMERSET,,,0.0,0,no_match
Rutgers-Trinitas Med Ctr,NJ,2023,RUTGERS-TRINITAS MEDICAL CENTER,RUTGERS-TRINITAS,,0.0,0,no_match
SIU Carbondale,IL,2023,SIU CARBONDALE,,,0.0,0,no_match
SIU Decatur,IL,2023,SIU DECATUR,,,0.0,0,no_match
SIU SOM & Affil Hosps,IL,2023,SIU SOM & AFFIL HOSPS,,,0.0,0,no_match
SSM Health/St Louis Univ SOM,MO,2023,SSM HEALTH,,,0.0,0,no_match
SSM St Marys Hospital-St Louis,MO,2023,SSM SAINT MARYS HOSPITAL-SAINT LOUIS,SSM SAINT MARYS,,0.0,0,no_match
SUNY HSC Brooklyn,NY,2023,SUNY HSC BROOKLYN,,,0.0,0,no_match
SW Healthcare Med Ed Consortium,CA,2023,SW HEALTHCARE MED ED CONSORTIUM,SW HEALTHCARE MED ED,,0.0,0,no_match
Sam Houston State Univ COM,TX,2023,SAM HOUSTON STATE UNIVERSITY COM,,SAM HOUSTON STATE UNIVERSITY,707534.0,2,distinctive_tokens_with_state
Samaritan Health Services-Corvallis,OR,2023,SAMARITAN HEALTH SERVICES-CORVALLIS,,,0.0,0,no_match
Samaritan Med Ctr,NY,2023,SAMARITAN MEDICAL CENTER,SAMARITAN,,0.0,0,no_match
San Antonio Regional Hosp,CA,2023,SAN ANTONIO REGIONAL HOSP,SAN ANTONIO,,0.0,0,no_match
San Joaquin Gen Hosp,CA,2023,SAN JOAQUIN GEN HOSP,,,0.0,0,no_match
San Juan VA Med Ctr,PR,2023,SAN JUAN VETERANS AFFAIRS MEDICAL CENTER,SAN JUAN VETERANS AFFAIRS,,0.0,0,no_match
San Mateo Behavioral Hlth & Recovery Svcs,CA,2023,SAN MATEO BEHAVIORAL HLTH & RECOVERY SVCS,,,0.0,0,no_match
San Ysidro Health,CA,2023,SAN YSIDRO HEALTH,,,0.0,0,no_match
Santa Barbara Cottage Hosp,CA,2023,SANTA BARBARA COTTAGE HOSP,,,0.0,0,no_match
Santa Clara Valley Med Ctr,CA,2023,SANTA CLARA VALLEY MEDICAL CENTER,SANTA CLARA VALLEY,,0.0,0,no_match
Schwab Rehab Hosp,IL,2023,SCHWAB REHAB HOSP,,,0.0,0,no_match
Scripps Clinic/Green Hospital,CA,2023,SCRIPPS CLINIC,,,0.0,0,no_match
Scripps Mercy Hosp-Chula Vista,CA,2023,SCRIPPS MERCY HOSP-CHULA VISTA,,,0.0,0,no_match
Scripps Mercy Hosp-San Diego,CA,2023,SCRIPPS MERCY HOSP-SAN DIEGO,,,0.0,0,no_match
Sea Mar Community Health Ctrs,WA,2023,SEA MAR COMMUNITY HEALTH CTRS,,,0.0,0,no_match
Self Regional Healthcare,SC,2023,SELF REGIONAL HEALTHCARE,,,0.0,0,no_match
Shannon Medical Center,TX,2023,SHANNON MEDICAL CENTER,SHANNON,,0.0,0,no_match
Shasta Community Health Ctr,CA,2023,SHASTA COMMUNITY HEALTH CTR,,,0.0,0,no_match
Sierra View Med Ctr,CA,2023,SIERRA VIEW MEDICAL CENTER,SIERRA VIEW,,0.0,0,no_match
Sinai Hospital of Baltimore,MD,2023,SINAI HOSPITAL OF BALTIMORE,SINAI,,0.0,0,no_match
Siouxland Med Ed Fdn,IA,2023,SIOUXLAND MED ED FDN,,,0.0,0,no_match
Skagit Regional Health,WA,2023,SKAGIT REGIONAL HEALTH,SKAGIT,,0.0,0,no_match
South Baldwin Reg Med Ctr,AL,2023,SOUTH BALDWIN REG MEDICAL CENTER,SOUTH BALDWIN REG,,0.0,0,no_match
South Brooklyn Health.,NY,2023,SOUTH BROOKLYN HEALTH.,,,0.0,0,no_match
Southeast Health,AL,2023,SOUTHEAST HEALTH,,,0.0,0,no_match
Southern Regional AHEC,NC,2023,SOUTHERN REGIONAL AHEC,SOUTHERN,,0.0,0,no_match
Southern Winds Hospital,FL,2023,SOUTHERN WINDS HOSPITAL,SOUTHERN WINDS,,0.0,0,no_match
Sovah Health-Danville,VA,2023,SOVAH HEALTH-DANVILLE,,,0.0,0,no_match
Sparrow Hospital,MI,2023,SPARROW HOSPITAL,SPARROW,,0.0,0,no_match
Spartanburg Medical Center,SC,2023,SPARTANBURG MEDICAL CENTER,SPARTANBURG,SPARTANBURG REGIONAL MEDICAL CENTER,2740520.0,1,full_normalized_with_state
Spokane Teaching Health Ctr,WA,2023,SPOKANE TEACHING HEALTH CTR,,,0.0,0,no_match
St Agnes Hospital,MD,2023,SAINT AGNES HOSPITAL,SAINT AGNES,,0.0,0,no_match
St Agnes Med Ctr,CA,2023,SAINT AGNES MEDICAL CENTER,SAINT AGNES,,0.0,0,no_match
St Anthony Hospital,OK,2023,SAINT ANTHONY HOSPITAL,SAINT ANTHONY,,0.0,0,no_match
St Anthony Hospital North,CO,2023,SAINT ANTHONY HOSPITAL NORTH,SAINT ANTHONY,,0.0,0,no_match
St Barnabas Hosp,NY,2023,SAINT BARNABAS HOSP,,,0.0,0,no_match
St Bernards Med Ctr,AR,2023,SAINT BERNARDS MEDICAL CENTER,SAINT BERNARDS,,0.0,0,no_match
St Clair Health,PA,2023,SAINT CLAIR HEALTH,,,0.0,0,no_match
St Davids Healthcare GME,TX,2023,SAINT DAVIDS HEALTHCARE,,,0.0,0,no_match
St Elizabeth Health Ctr-Boardman,OH,2023,SAINT ELIZABETH HEALTH CTR-BOARDMAN,,,0.0,0,no_match
St Elizabeth Med Ctr,KY,2023,SAINT ELIZABETH MEDICAL CENTER,SAINT ELIZABETH,,0.0,0,no_match
St Elizabeth Youngstown Hosp,OH,2023,SAINT ELIZABETH YOUNGSTOWN HOSP,,,0.0,0,no_match
St Elizabeths Hospital/DBH,DC,2023,SAINT ELIZABETHS HOSPITAL,SAINT ELIZABETHS,,0.0,0,no_match
St Elizabeths Med Ctr,MA,2023,SAINT ELIZABETHS MEDICAL CENTER,SAINT ELIZABETHS,,0.0,0,no_match
St Francis Hospital,CT,2023,SAINT FRANCIS HOSPITAL,SAINT FRANCIS,,0.0,0,no_match
St Francis Med Ctr,LA,2023,SAINT FRANCIS MEDICAL CENTER,SAINT FRANCIS,,0.0,0,no_match
St Francis-Emory Healthcare,GA,2023,SAINT FRANCIS-EMORY HEALTHCARE,,,0.0,0,no_match
St Johns Riverside Hospital,NY,2023,SAINT JOHNS RIVERSIDE HOSPITAL,SAINT JOHNS RIVERSIDE,,0.0,0,no_match
St Joseph Hospital SCL Health,CO,2023,SAINT JOSEPH HOSPITAL SCL HEALTH,SAINT JOSEPH,,0.0,0,no_match
St Joseph Hospital-Eureka,CA,2023,SAINT JOSEPH HOSPITAL-EUREKA,SAINT JOSEPH,,0.0,0,no_match
St Josephs Health,NY,2023,SAINT JOSEPHS HEALTH,,,0.0,0,no_match
St Josephs Hospital,WA,2023,SAINT JOSEPHS HOSPITAL,SAINT JOSEPHS,,0.0,0,no_match
St Josephs Med Ctr,CA,2023,SAINT JOSEPHS MEDICAL CENTER,SAINT JOSEPHS,,0.0,0,no_match
St Josephs Reg Med Ctr,IN,2023,SAINT JOSEPHS REG MEDICAL CENTER,SAINT JOSEPHS REG,,0.0,0,no_match
St Josephs Univ Med Ctr,NJ,2023,SAINT JOSEPHS UNIVERSITY MEDICAL CENTER,SAINT JOSEPHS UNIVERSITY,,0.0,0,no_match
St Louis Childrens Hosp,MO,2023,SAINT LOUIS CHILDREN'S HOSP,,,0.0,0,no_match
St Louis Univ SOM,MO,2023,SAINT LOUIS UNIVERSITY SOM,,SAINT LOUIS UNIVERSITY,21041571.0,62,distinctive_tokens_with_state
St Lukes Hosp-Anderson,PA,2023,SAINT LUKES HOSP-ANDERSON,,,0.0,0,no_match
St Lukes Hosp-Bethlehem,PA,2023,SAINT LUKES HOSP-BETHLEHEM,,,0.0,0,no_match
St Lukes Hospital,OH,2023,SAINT LUKES HOSPITAL,SAINT LUKES,,0.0,0,no_match
St Lukes Hospital-St Louis,MO,2023,SAINT LUKES HOSPITAL-SAINT LOUIS,SAINT LUKES,,0.0,0,no_match
St Lukes Warren Hospital,NJ,2023,SAINT LUKES WARREN HOSPITAL,SAINT LUKES WARREN,,0.0,0,no_match
St Mary Med Ctr-Langhorne,PA,2023,SAINT MARY MEDICAL CENTER-LANGHORNE,SAINT MARY,,0.0,0,no_match
St Mary Med Ctr-Long Beach,CA,2023,SAINT MARY MEDICAL CENTER-LONG BEACH,SAINT MARY,,0.0,0,no_match
St Mary-Corwin Med Ctr,CO,2023,SAINT MARY-CORWIN MEDICAL CENTER,SAINT MARY-CORWIN,,0.0,0,no_match
St Marys Hospital,CT,2023,SAINT MARYS HOSPITAL,SAINT MARYS,,0.0,0,no_match
St Marys Med Ctr SCL Health,CO,2023,SAINT MARYS MEDICAL CENTER SCL HEALTH,SAINT MARYS,,0.0,0,no_match
St Peters University Hosp,NJ,2023,SAINT PETERS UNIVERSITY HOSP,,,0.0,0,no_match
St Vincent Charity Med Ctr,OH,2023,SAINT VINCENT CHARITY MEDICAL CENTER,SAINT VINCENT CHARITY,,0.0,0,no_match
St Vincent Hosp-Worcester,MA,2023,SAINT VINCENT HOSP-WORCESTER,,,0.0,0,no_match
St Vincents East,AL,2023,SAINT VINCENTS EAST,,,0.0,0,no_match
St Vincents Med Ctr,CT,2023,SAINT VINCENTS MEDICAL CENTER,SAINT VINCENTS,,0.0,0,no_match
Stamford Hospital/Columbia,CT,2023,STAMFORD HOSPITAL,STAMFORD,,0.0,0,no_match
Stanford Health Care,CA,2023,STANFORD HEALTH CARE,,,0.0,0,no_match
Stanford Health Care Tri-Valley,CA,2023,STANFORD HEALTH CARE TRI-VALLEY,,,0.0,0,no_match
Stanford Univ Progs,CA,2023,STANFORD UNIVERSITY PROGS,,,0.0,0,no_match
Steward Carney Hospital,MA,2023,STEWARD CARNEY HOSPITAL,STEWARD CARNEY,,0.0,0,no_match
Still OPTI-MCW/Prevea FMRP,WI,2023,STILL OPTI-MCW,,,0.0,0,no_match
Still OPTI-Northeast Reg Med Ctr,MO,2023,STILL OPTI-NORTHEAST REG MEDICAL CENTER,STILL OPTI-NORTHEAST REG,,0.0,0,no_match
Still OPTI-Peak Vista FMRP,CO,2023,STILL OPTI-PEAK VISTA FMRP,,,0.0,0,no_match
Stony Brook Teach Hosps,NY,2023,STONY BROOK TEACH HOSPS,,,0.0,0,no_match
Suburban Community Hosp,PA,2023,SUBURBAN COMMUNITY HOSP,,,0.0,0,no_match
Summa Health/NEOMED,OH,2023,SUMMA HEALTH,,,0.0,0,no_match
Summerville Med Ctr,SC,2023,SUMMERVILLE MEDICAL CENTER,SUMMERVILLE,,0.0,0,no_match
Sunrise Health GME Consortium,NV,2023,SUNRISE HEALTH CONSORTIUM,SUNRISE HEALTH,,0.0,0,no_match
Sutter Health,CA,2023,SUTTER HEALTH,,,0.0,0,no_match
Sutter Med Ctr of Santa Rosa,CA,2023,SUTTER MEDICAL CENTER OF SANTA ROSA,SUTTER,,0.0,0,no_match
Swedish Hospital,IL,2023,SWEDISH HOSPITAL,SWEDISH,,0.0,0,no_match
Swedish Med Ctr,WA,2023,SWEDISH MEDICAL CENTER,SWEDISH,"SWEDISH MEDICAL CENTER, FIRST HILL",2751225.0,2,full_normalized_with_state
Syracuse Community Health,NY,2023,SYRACUSE COMMUNITY HEALTH,,,0.0,0,no_match
TIGMER,TX,2023,TIGMER,,,0.0,0,no_match
TJU/Nemours Childrens Health,PA,2023,TJU,,,0.0,0,no_match
Tacoma Family Med,WA,2023,TACOMA FAMILY MED,,,0.0,0,no_match
Tallahassee Mem Healthcare,FL,2023,TALLAHASSEE MEMORIAL HEALTHCARE,TALLAHASSEE,,0.0,0,no_match
Temple Univ Hosp,PA,2023,TEMPLE UNIVERSITY HOSP,,,0.0,0,no_match
Temple Univ/Chestnut Hill Hosp,PA,2023,TEMPLE UNIVERSITY,,,0.0,0,no_match
Temple Univ/Fox Chase Cancer Ctr,PA,2023,TEMPLE UNIVERSITY,,,0.0,0,no_match
Texoma Med Ctr,TX,2023,TEXOMA MEDICAL CENTER,TEXOMA,,0.0,0,no_match
The MetroHealth Sys/Case Western,OH,2023,THE METROHEALTH SYS,,,0.0,0,no_match
Thomas Hospital,AL,2023,THOMAS HOSPITAL,THOMAS,,0.0,0,no_match
Thomas Jefferson Univ,PA,2023,THOMAS JEFFERSON UNIVERSITY,,THOMAS JEFFERSON UNIVERSITY,71544010.0,167,full_normalized_with_state
Tidelands Health,SC,2023,TIDELANDS HEALTH,,,0.0,0,no_match
Tower Health/Brandywine Hosp,PA,2023,TOWER HEALTH,,,0.0,0,no_match
Tower Health/Chestnut Hill Hosp,PA,2023,TOWER HEALTH,,,0.0,0,no_match
Tower Health/Drexel Univ COM,PA,2023,TOWER HEALTH,,,0.0,0,no_match
Tower Health/Phoenixville Hosp,PA,2023,TOWER HEALTH,,,0.0,0,no_match
Tower Health/Reading Hospital,PA,2023,TOWER HEALTH,,,0.0,0,no_match
Tower Health/St Christophers Hosp,PA,2023,TOWER HEALTH,,,0.0,0,no_match
Tri-County Commission ADA,SC,2023,TRI-COUNTY COMMISSION ADA,,,0.0,0,no_match
Trident Medical Center,SC,2023,TRIDENT MEDICAL CENTER,TRIDENT,,0.0,0,no_match
Trinity Health Ann Arbor Hosp,MI,2023,TRINITY HEALTH ANN ARBOR HOSP,,,0.0,0,no_match
Trinity Health Grand Rapids,MI,2023,TRINITY HEALTH GRAND RAPIDS,,,0.0,0,no_match
Trinity Health Livingston Hosp,MI,2023,TRINITY HEALTH LIVINGSTON HOSP,,,0.0,0,no_match
Trinity Health Livonia Hosp,MI,2023,TRINITY HEALTH LIVONIA HOSP,,,0.0,0,no_match
Trinity Health Muskegon,MI,2023,TRINITY HEALTH MUSKEGON,,,0.0,0,no_match
Trinity Health Oakland,MI,2023,TRINITY HEALTH OAKLAND,,,0.0,0,no_match
Trinity Health System,OH,2023,TRINITY HEALTH SYSTEM,TRINITY,,0.0,0,no_match
Trios Health,WA,2023,TRIOS HEALTH,,,0.0,0,no_match
Tripler Army Med Ctr,HI,2023,TRIPLER ARMY MEDICAL CENTER,TRIPLER ARMY,,0.0,0,no_match
Tucson Hospitals Med Ed,AZ,2023,TUCSON HOSPITALS MED ED,TUCSON,,0.0,0,no_match
Tufts Medical Center,MA,2023,TUFTS MEDICAL CENTER,TUFTS,TUFTS MEDICAL CENTER,27526357.0,47,full_normalized_with_state
Tulane Univ SOM,LA,2023,TULANE UNIVERSITY SOM,,,0.0,0,no_match
U Cincinnati Med Ctr,OH,2023,UNIVERSITY CINCINNATI MEDICAL CENTER,UNIVERSITY CINCINNATI,UNIVERSITY OF CINCINNATI,94899512.0,216,parent_institution_with_state
U Cincinnati West Chester Hosp,OH,2023,UNIVERSITY CINCINNATI WEST CHESTER HOSP,,,0.0,0,no_match
U Louisville SOM,KY,2023,UNIVERSITY LOUISVILLE SOM,,,0.0,0,no_match
U Miami MSOM/Holy Cross,FL,2023,UNIVERSITY MIAMI MSOM,,,0.0,0,no_match
U Miami/Jackson Health System,FL,2023,UNIVERSITY MIAMI,,UNIVERSITY OF MIAMI SCHOOL OF MEDICINE,216120964.0,422,full_normalized_with_state
U Rochester/Strong Memorial,NY,2023,UNIVERSITY ROCHESTER,,UNIVERSITY OF ROCHESTER,215401020.0,497,full_normalized_with_state
U Washington Boise,ID,2023,UNIVERSITY WASHINGTON BOISE,,,0.0,0,no_match
U Washington Soldotna,AK,2023,UNIVERSITY WASHINGTON SOLDOTNA,,,0.0,0,no_match
UAB Selma Fam Med Res,AL,2023,UAB SELMA FAM MED RES,,,0.0,0,no_match
UAMS Regional Centers,AR,2023,UAMS REGIONAL CENTERS,,,0.0,0,no_match
UC Davis Med Ctr,CA,2023,UNIVERSITY OF CALIFORNIA DAVIS MEDICAL CENTER,UNIVERSITY OF CALIFORNIA DAVIS,UNIVERSITY OF CALIFORNIA AT DAVIS,328749563.0,694,parent_institution_with_state
UC Irvine Med Ctr,CA,2023,UNIVERSITY OF CALIFORNIA IRVINE MEDICAL CENTER,UNIVERSITY OF CALIFORNIA IRVINE,,0.0,0,no_match
UC Riverside SOM,CA,2023,UNIVERSITY OF CALIFORNIA RIVERSIDE SOM,,UNIVERSITY OF CALIFORNIA RIVERSIDE,38463760.0,113,distinctive_tokens_with_state
UC San Diego Med Ctr,CA,2023,UNIVERSITY OF CALIFORNIA SAN DIEGO MEDICAL CENTER,UNIVERSITY OF CALIFORNIA SAN DIEGO,"UNIVERSITY OF CALIFORNIA, SAN DIEGO",629330104.0,1233,parent_institution_with_state
UC San Francisco,CA,2023,UNIVERSITY OF CALIFORNIA SAN FRANCISCO,,"UNIVERSITY OF CALIFORNIA, SAN FRANCISCO",898876696.0,1773,full_normalized_with_state
UC San Francisco-East Bay,CA,2023,UNIVERSITY OF CALIFORNIA SAN FRANCISCO-EAST BAY,,,0.0,0,no_match
UC San Francisco-Fresno,CA,2023,UNIVERSITY OF CALIFORNIA SAN FRANCISCO-FRESNO,,,0.0,0,no_match
UCLA Med Ctr,CA,2023,UCLA MEDICAL CENTER,,,0.0,0,no_match
UCLA Semel Inst for Neuroscience,CA,2023,UCLA SEMEL INST FOR NEUROSCIENCE,,,0.0,0,no_match
UHS-Wilson Med Ctr,NY,2023,UHS-WILSON MEDICAL CENTER,UHS-WILSON,,0.0,0,no_match
UIC/Metro Group Hospitals,IL,2023,UIC,,,0.0,0,no_match
UIC/Mt Sinai Hosp Med Ctr,IL,2023,UIC,,,0.0,0,no_match
UMass Chan - Baystate,MA,2023,UMASS CHAN - BAYSTATE,,,0.0,0,no_match
UMass Chan Medical School,MA,2023,UMASS CHAN MEDICAL SCHOOL,,,0.0,0,no_match
UNC Health Blue Ridge,NC,2023,UNC HEALTH BLUE RIDGE,,,0.0,0,no_match
UP Health System-Marquette,MI,2023,UP HEALTH SYSTEM-MARQUETTE,,,0.0,0,no_match
UPMC Altoona Hospital,PA,2023,UPMC ALTOONA HOSPITAL,UPMC ALTOONA,,0.0,0,no_match
UPMC Hamot Med Ctr,PA,2023,UPMC HAMOT MEDICAL CENTER,UPMC HAMOT,,0.0,0,no_match
UPMC Harrisburg,PA,2023,UPMC HARRISBURG,,,0.0,0,no_match
UPMC Lititz,PA,2023,UPMC LITITZ,,,0.0,0,no_match
UPMC McKeesport,PA,2023,UPMC MCKEESPORT,,,0.0,0,no_match
UPMC Medical Education,PA,2023,UPMC MEDICAL EDUCATION,,,0.0,0,no_match
UPMC Mercy Hospital,PA,2023,UPMC MERCY HOSPITAL,UPMC MERCY,,0.0,0,no_match
UPMC Presbyterian Shadyside,PA,2023,UPMC PRESBYTERIAN SHADYSIDE,,,0.0,0,no_match
UPMC St Margaret,PA,2023,UPMC SAINT MARGARET,,,0.0,0,no_match
UPMC Washington Hospital,PA,2023,UPMC WASHINGTON HOSPITAL,UPMC WASHINGTON,,0.0,0,no_match
UPMC Williamsport,PA,2023,UPMC WILLIAMSPORT,,,0.0,0,no_match
UT Ascension St Thomas,TN,2023,UT ASCENSION SAINT THOMAS,,,0.0,0,no_match
UVM Health Network CVPH,NY,2023,UVM HEALTH NETWORK CVPH,,,0.0,0,no_match
Union Hospital,IN,2023,UNION HOSPITAL,UNION,,0.0,0,no_match
United Hospital Ctr,WV,2023,UNITED HOSPITAL CTR,UNITED,,0.0,0,no_match
Unity Health,AR,2023,UNITY HEALTH,,,0.0,0,no_match
UnityPoint Broadlawns,IA,2023,UNITYPOINT BROADLAWNS,,,0.0,0,no_match
Univ Central del Caribe SOM,PR,2023,UNIVERSITY CENTRAL DEL CARIBE SOM,,UNIVERSIDAD CENTRAL DEL CARIBE,734614.0,6,distinctive_tokens_with_state
Univ Hosps Community Consortium,OH,2023,UNIVERSITY HOSPS COMMUNITY CONSORTIUM,UNIVERSITY HOSPS COMMUNITY,,0.0,0,no_match
Univ of Chicago Med Ctr,IL,2023,UNIVERSITY OF CHICAGO MEDICAL CENTER,UNIVERSITY OF CHICAGO,UNIVERSITY OF CHICAGO,501626045.0,1014,parent_institution_with_state
University Hosps-Columbia,MO,2023,UNIVERSITY HOSPS-COLUMBIA,,,0.0,0,no_match
University Hosps-Jackson,MS,2023,UNIVERSITY HOSPS-JACKSON,,,0.0,0,no_match
University at Buffalo SOM,NY,2023,UNIVERSITY AT BUFFALO SOM,,,0.0,0,no_match
University of Toledo,OH,2023,UNIVERSITY OF TOLEDO,,UNIVERSITY OF TOLEDO,14464031.0,47,full_normalized_with_state
VA Greater LA Hlth Sys,CA,2023,VETERANS AFFAIRS GREATER LA HLTH SYS,,,0.0,0,no_match
VCU-Shenandoah Valley,VA,2023,VCU-SHENANDOAH VALLEY,,,0.0,0,no_match
Valley Baptist Med Ctr,TX,2023,VALLEY BAPTIST MEDICAL CENTER,VALLEY BAPTIST,,0.0,0,no_match
Valley Childrens Healthcare,CA,2023,VALLEY CHILDREN'S HEALTHCARE,,,0.0,0,no_match
Valley Consortium,CA,2023,VALLEY CONSORTIUM,VALLEY,,0.0,0,no_match
Valley Health System,NV,2023,VALLEY HEALTH SYSTEM,VALLEY,,0.0,0,no_match
Valley Health Team,CA,2023,VALLEY HEALTH TEAM,,,0.0,0,no_match
Valley Hosp Med Ctr,NV,2023,VALLEY HOSP MEDICAL CENTER,VALLEY HOSP,,0.0,0,no_match
Valley Med Ctr,WA,2023,VALLEY MEDICAL CENTER,VALLEY,,0.0,0,no_match
Vanderbilt Univ Med Ctr,TN,2023,VANDERBILT UNIVERSITY MEDICAL CENTER,VANDERBILT UNIVERSITY,VANDERBILT UNIVERSITY MEDICAL CENTER,477771648.0,768,full_normalized_with_state
Ventura County Med Ctr,CA,2023,VENTURA COUNTY MEDICAL CENTER,VENTURA COUNTY,,0.0,0,no_match
Virginia Mason Franciscan Health,WA,2023,VIRGINIA MASON FRANCISCAN HEALTH,,,0.0,0,no_match
Virtua Health,NJ,2023,VIRTUA HEALTH,,,0.0,0,no_match
Waco Family Medicine Institute,TX,2023,WACO FAMILY MEDICINE INSTITUTE,,,0.0,0,no_match
Waianae Coast Comprehensive Health,HI,2023,WAIANAE COAST COMPREHENSIVE HEALTH,,WAIANAE COAST COMPREHENSIVE HEALTH CTR,1125000.0,1,full_normalized_with_state
Wake Forest Baptist Med Ctr,NC,2023,WAKE FOREST BAPTIST MEDICAL CENTER,WAKE FOREST BAPTIST,,0.0,0,no_match
WakeMed Health and Hospitals,NC,2023,WAKEMED HEALTH AND HOSPITALS,WAKEMED HEALTH AND,,0.0,0,no_match
Waterbury Hospital,CT,2023,WATERBURY HOSPITAL,WATERBURY,,0.0,0,no_match
Wayne State University SOM,MI,2023,WAYNE STATE UNIVERSITY SOM,,WAYNE STATE UNIVERSITY,89463966.0,213,distinctive_tokens_with_state
Weiss Memorial Hospital,IL,2023,WEISS MEMORIAL HOSPITAL,WEISS,,0.0,0,no_match
WellStar Health System,GA,2023,WELLSTAR HEALTH SYSTEM,WELLSTAR,,0.0,0,no_match
Wellington Reg Med Ctr,FL,2023,WELLINGTON REG MEDICAL CENTER,WELLINGTON REG,,0.0,0,no_match
Wellmont Health System,VA,2023,WELLMONT HEALTH SYSTEM,WELLMONT,,0.0,0,no_match
Wellspan Health Chambersburg Hosp,PA,2023,WELLSPAN HEALTH CHAMBERSBURG HOSP,,,0.0,0,no_match
Wellspan Health Good Sam Hosp,PA,2023,WELLSPAN HEALTH GOOD SAM HOSP,,,0.0,0,no_match
Wellspan Health York Hosp,PA,2023,WELLSPAN HEALTH YORK HOSP,,,0.0,0,no_match
Wellstar Spalding Reg Hosp,GA,2023,WELLSTAR SPALDING REG HOSP,,,0.0,0,no_match
West Kendall Baptist Hospital,FL,2023,WEST KENDALL BAPTIST HOSPITAL,WEST KENDALL BAPTIST,,0.0,0,no_match
West Suburban Med Ctr,IL,2023,WEST SUBURBAN MEDICAL CENTER,WEST SUBURBAN,,0.0,0,no_match
Westchester Medical Ctr,NY,2023,WESTCHESTER MEDICAL CTR,,,0.0,0,no_match
Western Reserve Health Ed/NEOMED,OH,2023,WESTERN RESERVE HEALTH ED,,CASE WESTERN RESERVE UNIVERSITY,220839156.0,446,distinctive_tokens_with_state
Western Reserve Hosp,OH,2023,WESTERN RESERVE HOSP,,,0.0,0,no_match
Wheeling Hospital,WV,2023,WHEELING HOSPITAL,WHEELING,WHEELING JESUIT UNIVERSITY,270000.0,1,parent_institution_with_state
White River Health System,AR,2023,WHITE RIVER HEALTH SYSTEM,WHITE RIVER,,0.0,0,no_match
WiNC GME Consortium,WI,2023,WINC CONSORTIUM,,,0.0,0,no_match
William Beaumont Army Med Ctr,TX,2023,WILLIAM BEAUMONT ARMY MEDICAL CENTER,WILLIAM BEAUMONT ARMY,,0.0,0,no_match
Willis-Knighton Health System,LA,2023,WILLIS-KNIGHTON HEALTH SYSTEM,WILLIS-KNIGHTON,,0.0,0,no_match
Womack Army Med Ctr,NC,2023,WOMACK ARMY MEDICAL CENTER,WOMACK ARMY,,0.0,0,no_match
Woodhull Med Ctr,NY,2023,WOODHULL MEDICAL CENTER,WOODHULL,,0.0,0,no_match
Wright Center for GME,PA,2023,WRIGHT CENTER FOR,,,0.0,0,no_match
Wright State Univ Boonshoft SOM,OH,2023,WRIGHT STATE UNIVERSITY BOONSHOFT SOM,,,0.0,0,no_match
Wyckoff Heights Med Ctr,NY,2023,WYCKOFF HEIGHTS MEDICAL CENTER,WYCKOFF HEIGHTS,,0.0,0,no_match
Yakima Valley Farm Workers Clinic,WA,2023,YAKIMA VALLEY FARM WORKERS CLINIC,,,0.0,0,no_match
Yale-New Haven Hosp,CT,2023,YALE-NEW HAVEN HOSP,,,0.0,0,no_match
Yuma Regional Med Ctr,AZ,2023,YUMA REGIONAL MEDICAL CENTER,,,0.0,0,no_match
Zucker SOM Northern Westchester Med Ctr,NY,2023,ZUCKER SOM NORTHERN WESTCHESTER MEDICAL CENTER,ZUCKER SOM NORTHERN WESTCHESTER,,0.0,0,no_match
Zucker SOM-Northwell Cohen Childrens,NY,2023,ZUCKER SOM-NORTHWELL COHEN CHILDREN'S,,,0.0,0,no_match
Zucker SOM-Northwell Forest Hills Hosp,NY,2023,ZUCKER SOM-NORTHWELL FOREST HILLS HOSP,,,0.0,0,no_match
Zucker SOM-Northwell Glen Cove Hosp,NY,2023,ZUCKER SOM-NORTHWELL GLEN COVE HOSP,,,0.0,0,no_match
Zucker SOM-Northwell Huntington Hosp,NY,2023,ZUCKER SOM-NORTHWELL HUNTINGTON HOSP,,,0.0,0,no_match
Zucker SOM-Northwell Lenox Hill Hosp,NY,2023,ZUCKER SOM-NORTHWELL LENOX HILL HOSP,,,0.0,0,no_match
Zucker SOM-Northwell Mather Hosp,NY,2023,ZUCKER SOM-NORTHWELL MATHER HOSP,,,0.0,0,no_match
Zucker SOM-Northwell NS/LIJ,NY,2023,ZUCKER SOM-NORTHWELL NS,,,0.0,0,no_match
Zucker SOM-Northwell Peconic Bay,NY,2023,ZUCKER SOM-NORTHWELL PECONIC BAY,,,0.0,0,no_match
Zucker SOM-Northwell Phelps Hosp,NY,2023,ZUCKER SOM-NORTHWELL PHELPS HOSP,,,0.0,0,no_match
Zucker SOM-Northwell Plainview Hosp,NY,2023,ZUCKER SOM-NORTHWELL PLAINVIEW HOSP,,,0.0,0,no_match
Zucker SOM-Northwell South Shore,NY,2023,ZUCKER SOM-NORTHWELL SOUTH SHORE,,,0.0,0,no_match
Zucker SOM-Northwell Staten Island Univ,NY,2023,ZUCKER SOM-NORTHWELL STATEN ISLAND UNIVERSITY,,,0.0,0,no_match
Zucker SOM-Northwell Zucker Hillside,NY,2023,ZUCKER SOM-NORTHWELL ZUCKER HILLSIDE,,,0.0,0,no_match
