spec_id,neg_def,pur_def,excl_sdn,excl_arctic,min_n,cohort,or,p,ci_lo,ci_hi,n,n_neg
1,very_negative_only,pursuing_only,False,False,30,Reddit r/PSLF,8.4152,0.0007,2.0472,34.5919,1469,65
2,very_negative_only,pursuing_only,False,False,30,SDN (Medical),0.4043,0.0001,0.2581,0.6335,1960,144
3,very_negative_only,pursuing_only,False,False,30,Reddit Finance,0.9283,1.0000,0.1544,5.5814,999,5
4,very_negative_only,pursuing_only,False,False,50,Reddit r/PSLF,8.4152,0.0007,2.0472,34.5919,1469,65
5,very_negative_only,pursuing_only,False,False,50,SDN (Medical),0.4043,0.0001,0.2581,0.6335,1960,144
6,very_negative_only,pursuing_only,False,False,50,Reddit Finance,0.9283,1.0000,0.1544,5.5814,999,5
7,very_negative_only,pursuing_only,False,False,100,Reddit r/PSLF,8.4152,0.0007,2.0472,34.5919,1469,65
8,very_negative_only,pursuing_only,False,False,100,SDN (Medical),0.4043,0.0001,0.2581,0.6335,1960,144
9,very_negative_only,pursuing_only,False,False,100,Reddit Finance,0.9283,1.0000,0.1544,5.5814,999,5
10,very_negative_only,pursuing_only,False,False,200,Reddit r/PSLF,8.4152,0.0007,2.0472,34.5919,1469,65
11,very_negative_only,pursuing_only,False,False,200,SDN (Medical),0.4043,0.0001,0.2581,0.6335,1960,144
12,very_negative_only,pursuing_only,False,False,200,Reddit Finance,0.9283,1.0000,0.1544,5.5814,999,5
13,very_negative_only,pursuing_only,False,True,30,Reddit r/PSLF,5.1149,0.0223,1.2237,21.3796,862,42
14,very_negative_only,pursuing_only,False,True,30,SDN (Medical),0.4043,0.0001,0.2581,0.6335,1960,144
15,very_negative_only,pursuing_only,False,True,30,Reddit Finance,1.0446,1.0000,0.1732,6.3007,575,5
16,very_negative_only,pursuing_only,False,True,50,Reddit r/PSLF,5.1149,0.0223,1.2237,21.3796,862,42
17,very_negative_only,pursuing_only,False,True,50,SDN (Medical),0.4043,0.0001,0.2581,0.6335,1960,144
18,very_negative_only,pursuing_only,False,True,50,Reddit Finance,1.0446,1.0000,0.1732,6.3007,575,5
19,very_negative_only,pursuing_only,False,True,100,Reddit r/PSLF,5.1149,0.0223,1.2237,21.3796,862,42
20,very_negative_only,pursuing_only,False,True,100,SDN (Medical),0.4043,0.0001,0.2581,0.6335,1960,144
21,very_negative_only,pursuing_only,False,True,100,Reddit Finance,1.0446,1.0000,0.1732,6.3007,575,5
22,very_negative_only,pursuing_only,False,True,200,Reddit r/PSLF,5.1149,0.0223,1.2237,21.3796,862,42
23,very_negative_only,pursuing_only,False,True,200,SDN (Medical),0.4043,0.0001,0.2581,0.6335,1960,144
24,very_negative_only,pursuing_only,False,True,200,Reddit Finance,1.0446,1.0000,0.1732,6.3007,575,5
25,very_negative_only,pursuing_only,True,False,30,Reddit r/PSLF,8.4152,0.0007,2.0472,34.5919,1469,65
26,very_negative_only,pursuing_only,True,False,30,Reddit Finance,0.9283,1.0000,0.1544,5.5814,999,5
27,very_negative_only,pursuing_only,True,False,50,Reddit r/PSLF,8.4152,0.0007,2.0472,34.5919,1469,65
28,very_negative_only,pursuing_only,True,False,50,Reddit Finance,0.9283,1.0000,0.1544,5.5814,999,5
29,very_negative_only,pursuing_only,True,False,100,Reddit r/PSLF,8.4152,0.0007,2.0472,34.5919,1469,65
30,very_negative_only,pursuing_only,True,False,100,Reddit Finance,0.9283,1.0000,0.1544,5.5814,999,5
31,very_negative_only,pursuing_only,True,False,200,Reddit r/PSLF,8.4152,0.0007,2.0472,34.5919,1469,65
32,very_negative_only,pursuing_only,True,False,200,Reddit Finance,0.9283,1.0000,0.1544,5.5814,999,5
33,very_negative_only,pursuing_only,True,True,30,Reddit r/PSLF,5.1149,0.0223,1.2237,21.3796,862,42
34,very_negative_only,pursuing_only,True,True,30,Reddit Finance,1.0446,1.0000,0.1732,6.3007,575,5
35,very_negative_only,pursuing_only,True,True,50,Reddit r/PSLF,5.1149,0.0223,1.2237,21.3796,862,42
36,very_negative_only,pursuing_only,True,True,50,Reddit Finance,1.0446,1.0000,0.1732,6.3007,575,5
37,very_negative_only,pursuing_only,True,True,100,Reddit r/PSLF,5.1149,0.0223,1.2237,21.3796,862,42
38,very_negative_only,pursuing_only,True,True,100,Reddit Finance,1.0446,1.0000,0.1732,6.3007,575,5
39,very_negative_only,pursuing_only,True,True,200,Reddit r/PSLF,5.1149,0.0223,1.2237,21.3796,862,42
40,very_negative_only,pursuing_only,True,True,200,Reddit Finance,1.0446,1.0000,0.1732,6.3007,575,5
41,very_negative_only,pursuing_or_considering,False,False,30,Reddit r/PSLF,10.0165,0.0087,1.3814,72.6312,1469,65
42,very_negative_only,pursuing_or_considering,False,False,30,SDN (Medical),0.0648,0.0000,0.0434,0.0967,1960,144
43,very_negative_only,pursuing_or_considering,False,False,30,Reddit Finance,0.1385,0.0873,0.0228,0.8403,999,5
44,very_negative_only,pursuing_or_considering,False,False,50,Reddit r/PSLF,10.0165,0.0087,1.3814,72.6312,1469,65
45,very_negative_only,pursuing_or_considering,False,False,50,SDN (Medical),0.0648,0.0000,0.0434,0.0967,1960,144
46,very_negative_only,pursuing_or_considering,False,False,50,Reddit Finance,0.1385,0.0873,0.0228,0.8403,999,5
47,very_negative_only,pursuing_or_considering,False,False,100,Reddit r/PSLF,10.0165,0.0087,1.3814,72.6312,1469,65
48,very_negative_only,pursuing_or_considering,False,False,100,SDN (Medical),0.0648,0.0000,0.0434,0.0967,1960,144
49,very_negative_only,pursuing_or_considering,False,False,100,Reddit Finance,0.1385,0.0873,0.0228,0.8403,999,5
50,very_negative_only,pursuing_or_considering,False,False,200,Reddit r/PSLF,10.0165,0.0087,1.3814,72.6312,1469,65
51,very_negative_only,pursuing_or_considering,False,False,200,SDN (Medical),0.0648,0.0000,0.0434,0.0967,1960,144
52,very_negative_only,pursuing_or_considering,False,False,200,Reddit Finance,0.1385,0.0873,0.0228,0.8403,999,5
53,very_negative_only,pursuing_or_considering,False,True,30,Reddit r/PSLF,6.8917,0.0487,0.9389,50.5844,862,42
54,very_negative_only,pursuing_or_considering,False,True,30,SDN (Medical),0.0648,0.0000,0.0434,0.0967,1960,144
55,very_negative_only,pursuing_or_considering,False,True,30,Reddit Finance,0.1041,0.0381,0.0169,0.6427,575,5
56,very_negative_only,pursuing_or_considering,False,True,50,Reddit r/PSLF,6.8917,0.0487,0.9389,50.5844,862,42
57,very_negative_only,pursuing_or_considering,False,True,50,SDN (Medical),0.0648,0.0000,0.0434,0.0967,1960,144
58,very_negative_only,pursuing_or_considering,False,True,50,Reddit Finance,0.1041,0.0381,0.0169,0.6427,575,5
59,very_negative_only,pursuing_or_considering,False,True,100,Reddit r/PSLF,6.8917,0.0487,0.9389,50.5844,862,42
60,very_negative_only,pursuing_or_considering,False,True,100,SDN (Medical),0.0648,0.0000,0.0434,0.0967,1960,144
61,very_negative_only,pursuing_or_considering,False,True,100,Reddit Finance,0.1041,0.0381,0.0169,0.6427,575,5
62,very_negative_only,pursuing_or_considering,False,True,200,Reddit r/PSLF,6.8917,0.0487,0.9389,50.5844,862,42
63,very_negative_only,pursuing_or_considering,False,True,200,SDN (Medical),0.0648,0.0000,0.0434,0.0967,1960,144
64,very_negative_only,pursuing_or_considering,False,True,200,Reddit Finance,0.1041,0.0381,0.0169,0.6427,575,5
65,very_negative_only,pursuing_or_considering,True,False,30,Reddit r/PSLF,10.0165,0.0087,1.3814,72.6312,1469,65
66,very_negative_only,pursuing_or_considering,True,False,30,Reddit Finance,0.1385,0.0873,0.0228,0.8403,999,5
67,very_negative_only,pursuing_or_considering,True,False,50,Reddit r/PSLF,10.0165,0.0087,1.3814,72.6312,1469,65
68,very_negative_only,pursuing_or_considering,True,False,50,Reddit Finance,0.1385,0.0873,0.0228,0.8403,999,5
69,very_negative_only,pursuing_or_considering,True,False,100,Reddit r/PSLF,10.0165,0.0087,1.3814,72.6312,1469,65
70,very_negative_only,pursuing_or_considering,True,False,100,Reddit Finance,0.1385,0.0873,0.0228,0.8403,999,5
71,very_negative_only,pursuing_or_considering,True,False,200,Reddit r/PSLF,10.0165,0.0087,1.3814,72.6312,1469,65
72,very_negative_only,pursuing_or_considering,True,False,200,Reddit Finance,0.1385,0.0873,0.0228,0.8403,999,5
73,very_negative_only,pursuing_or_considering,True,True,30,Reddit r/PSLF,6.8917,0.0487,0.9389,50.5844,862,42
74,very_negative_only,pursuing_or_considering,True,True,30,Reddit Finance,0.1041,0.0381,0.0169,0.6427,575,5
75,very_negative_only,pursuing_or_considering,True,True,50,Reddit r/PSLF,6.8917,0.0487,0.9389,50.5844,862,42
76,very_negative_only,pursuing_or_considering,True,True,50,Reddit Finance,0.1041,0.0381,0.0169,0.6427,575,5
77,very_negative_only,pursuing_or_considering,True,True,100,Reddit r/PSLF,6.8917,0.0487,0.9389,50.5844,862,42
78,very_negative_only,pursuing_or_considering,True,True,100,Reddit Finance,0.1041,0.0381,0.0169,0.6427,575,5
79,very_negative_only,pursuing_or_considering,True,True,200,Reddit r/PSLF,6.8917,0.0487,0.9389,50.5844,862,42
80,very_negative_only,pursuing_or_considering,True,True,200,Reddit Finance,0.1041,0.0381,0.0169,0.6427,575,5
81,very_negative_only,pursuing_considering_completed,False,False,30,Reddit r/PSLF,0.2747,0.7259,0.0326,2.3156,1469,65
82,very_negative_only,pursuing_considering_completed,False,False,30,SDN (Medical),0.0304,0.0000,0.0201,0.0460,1960,144
83,very_negative_only,pursuing_considering_completed,False,False,30,Reddit Finance,0.0998,0.0308,0.0164,0.6083,999,5
84,very_negative_only,pursuing_considering_completed,False,False,50,Reddit r/PSLF,0.2747,0.7259,0.0326,2.3156,1469,65
85,very_negative_only,pursuing_considering_completed,False,False,50,SDN (Medical),0.0304,0.0000,0.0201,0.0460,1960,144
86,very_negative_only,pursuing_considering_completed,False,False,50,Reddit Finance,0.0998,0.0308,0.0164,0.6083,999,5
87,very_negative_only,pursuing_considering_completed,False,False,100,Reddit r/PSLF,0.2747,0.7259,0.0326,2.3156,1469,65
88,very_negative_only,pursuing_considering_completed,False,False,100,SDN (Medical),0.0304,0.0000,0.0201,0.0460,1960,144
89,very_negative_only,pursuing_considering_completed,False,False,100,Reddit Finance,0.0998,0.0308,0.0164,0.6083,999,5
90,very_negative_only,pursuing_considering_completed,False,False,200,Reddit r/PSLF,0.2747,0.7259,0.0326,2.3156,1469,65
91,very_negative_only,pursuing_considering_completed,False,False,200,SDN (Medical),0.0304,0.0000,0.0201,0.0460,1960,144
92,very_negative_only,pursuing_considering_completed,False,False,200,Reddit Finance,0.0998,0.0308,0.0164,0.6083,999,5
93,very_negative_only,pursuing_considering_completed,False,True,30,Reddit r/PSLF,0.2010,0.5933,0.0220,1.8388,862,42
94,very_negative_only,pursuing_considering_completed,False,True,30,SDN (Medical),0.0304,0.0000,0.0201,0.0460,1960,144
95,very_negative_only,pursuing_considering_completed,False,True,30,Reddit Finance,0.0833,0.0167,0.0134,0.5177,575,5
96,very_negative_only,pursuing_considering_completed,False,True,50,Reddit r/PSLF,0.2010,0.5933,0.0220,1.8388,862,42
97,very_negative_only,pursuing_considering_completed,False,True,50,SDN (Medical),0.0304,0.0000,0.0201,0.0460,1960,144
98,very_negative_only,pursuing_considering_completed,False,True,50,Reddit Finance,0.0833,0.0167,0.0134,0.5177,575,5
99,very_negative_only,pursuing_considering_completed,False,True,100,Reddit r/PSLF,0.2010,0.5933,0.0220,1.8388,862,42
100,very_negative_only,pursuing_considering_completed,False,True,100,SDN (Medical),0.0304,0.0000,0.0201,0.0460,1960,144
101,very_negative_only,pursuing_considering_completed,False,True,100,Reddit Finance,0.0833,0.0167,0.0134,0.5177,575,5
102,very_negative_only,pursuing_considering_completed,False,True,200,Reddit r/PSLF,0.2010,0.5933,0.0220,1.8388,862,42
103,very_negative_only,pursuing_considering_completed,False,True,200,SDN (Medical),0.0304,0.0000,0.0201,0.0460,1960,144
104,very_negative_only,pursuing_considering_completed,False,True,200,Reddit Finance,0.0833,0.0167,0.0134,0.5177,575,5
105,very_negative_only,pursuing_considering_completed,True,False,30,Reddit r/PSLF,0.2747,0.7259,0.0326,2.3156,1469,65
106,very_negative_only,pursuing_considering_completed,True,False,30,Reddit Finance,0.0998,0.0308,0.0164,0.6083,999,5
107,very_negative_only,pursuing_considering_completed,True,False,50,Reddit r/PSLF,0.2747,0.7259,0.0326,2.3156,1469,65
108,very_negative_only,pursuing_considering_completed,True,False,50,Reddit Finance,0.0998,0.0308,0.0164,0.6083,999,5
109,very_negative_only,pursuing_considering_completed,True,False,100,Reddit r/PSLF,0.2747,0.7259,0.0326,2.3156,1469,65
110,very_negative_only,pursuing_considering_completed,True,False,100,Reddit Finance,0.0998,0.0308,0.0164,0.6083,999,5
111,very_negative_only,pursuing_considering_completed,True,False,200,Reddit r/PSLF,0.2747,0.7259,0.0326,2.3156,1469,65
112,very_negative_only,pursuing_considering_completed,True,False,200,Reddit Finance,0.0998,0.0308,0.0164,0.6083,999,5
113,very_negative_only,pursuing_considering_completed,True,True,30,Reddit r/PSLF,0.2010,0.5933,0.0220,1.8388,862,42
114,very_negative_only,pursuing_considering_completed,True,True,30,Reddit Finance,0.0833,0.0167,0.0134,0.5177,575,5
115,very_negative_only,pursuing_considering_completed,True,True,50,Reddit r/PSLF,0.2010,0.5933,0.0220,1.8388,862,42
116,very_negative_only,pursuing_considering_completed,True,True,50,Reddit Finance,0.0833,0.0167,0.0134,0.5177,575,5
117,very_negative_only,pursuing_considering_completed,True,True,100,Reddit r/PSLF,0.2010,0.5933,0.0220,1.8388,862,42
118,very_negative_only,pursuing_considering_completed,True,True,100,Reddit Finance,0.0833,0.0167,0.0134,0.5177,575,5
119,very_negative_only,pursuing_considering_completed,True,True,200,Reddit r/PSLF,0.2010,0.5933,0.0220,1.8388,862,42
120,very_negative_only,pursuing_considering_completed,True,True,200,Reddit Finance,0.0833,0.0167,0.0134,0.5177,575,5
121,negative_only,pursuing_only,False,False,30,Reddit r/PSLF,4.4267,0.0000,2.9778,6.5807,1469,418
122,negative_only,pursuing_only,False,False,30,SDN (Medical),0.4059,0.0000,0.3124,0.5273,1960,444
123,negative_only,pursuing_only,False,False,30,Reddit Finance,0.3571,0.0000,0.2418,0.5272,999,121
124,negative_only,pursuing_only,False,False,50,Reddit r/PSLF,4.4267,0.0000,2.9778,6.5807,1469,418
125,negative_only,pursuing_only,False,False,50,SDN (Medical),0.4059,0.0000,0.3124,0.5273,1960,444
126,negative_only,pursuing_only,False,False,50,Reddit Finance,0.3571,0.0000,0.2418,0.5272,999,121
127,negative_only,pursuing_only,False,False,100,Reddit r/PSLF,4.4267,0.0000,2.9778,6.5807,1469,418
128,negative_only,pursuing_only,False,False,100,SDN (Medical),0.4059,0.0000,0.3124,0.5273,1960,444
129,negative_only,pursuing_only,False,False,100,Reddit Finance,0.3571,0.0000,0.2418,0.5272,999,121
130,negative_only,pursuing_only,False,False,200,Reddit r/PSLF,4.4267,0.0000,2.9778,6.5807,1469,418
131,negative_only,pursuing_only,False,False,200,SDN (Medical),0.4059,0.0000,0.3124,0.5273,1960,444
132,negative_only,pursuing_only,False,False,200,Reddit Finance,0.3571,0.0000,0.2418,0.5272,999,121
133,negative_only,pursuing_only,False,True,30,Reddit r/PSLF,4.6769,0.0000,2.7661,7.9077,862,255
134,negative_only,pursuing_only,False,True,30,SDN (Medical),0.4059,0.0000,0.3124,0.5273,1960,444
135,negative_only,pursuing_only,False,True,30,Reddit Finance,0.4509,0.0012,0.2812,0.7230,575,83
136,negative_only,pursuing_only,False,True,50,Reddit r/PSLF,4.6769,0.0000,2.7661,7.9077,862,255
137,negative_only,pursuing_only,False,True,50,SDN (Medical),0.4059,0.0000,0.3124,0.5273,1960,444
138,negative_only,pursuing_only,False,True,50,Reddit Finance,0.4509,0.0012,0.2812,0.7230,575,83
139,negative_only,pursuing_only,False,True,100,Reddit r/PSLF,4.6769,0.0000,2.7661,7.9077,862,255
140,negative_only,pursuing_only,False,True,100,SDN (Medical),0.4059,0.0000,0.3124,0.5273,1960,444
141,negative_only,pursuing_only,False,True,100,Reddit Finance,0.4509,0.0012,0.2812,0.7230,575,83
142,negative_only,pursuing_only,False,True,200,Reddit r/PSLF,4.6769,0.0000,2.7661,7.9077,862,255
143,negative_only,pursuing_only,False,True,200,SDN (Medical),0.4059,0.0000,0.3124,0.5273,1960,444
144,negative_only,pursuing_only,False,True,200,Reddit Finance,0.4509,0.0012,0.2812,0.7230,575,83
145,negative_only,pursuing_only,True,False,30,Reddit r/PSLF,4.4267,0.0000,2.9778,6.5807,1469,418
146,negative_only,pursuing_only,True,False,30,Reddit Finance,0.3571,0.0000,0.2418,0.5272,999,121
147,negative_only,pursuing_only,True,False,50,Reddit r/PSLF,4.4267,0.0000,2.9778,6.5807,1469,418
148,negative_only,pursuing_only,True,False,50,Reddit Finance,0.3571,0.0000,0.2418,0.5272,999,121
149,negative_only,pursuing_only,True,False,100,Reddit r/PSLF,4.4267,0.0000,2.9778,6.5807,1469,418
150,negative_only,pursuing_only,True,False,100,Reddit Finance,0.3571,0.0000,0.2418,0.5272,999,121
151,negative_only,pursuing_only,True,False,200,Reddit r/PSLF,4.4267,0.0000,2.9778,6.5807,1469,418
152,negative_only,pursuing_only,True,False,200,Reddit Finance,0.3571,0.0000,0.2418,0.5272,999,121
153,negative_only,pursuing_only,True,True,30,Reddit r/PSLF,4.6769,0.0000,2.7661,7.9077,862,255
154,negative_only,pursuing_only,True,True,30,Reddit Finance,0.4509,0.0012,0.2812,0.7230,575,83
155,negative_only,pursuing_only,True,True,50,Reddit r/PSLF,4.6769,0.0000,2.7661,7.9077,862,255
156,negative_only,pursuing_only,True,True,50,Reddit Finance,0.4509,0.0012,0.2812,0.7230,575,83
157,negative_only,pursuing_only,True,True,100,Reddit r/PSLF,4.6769,0.0000,2.7661,7.9077,862,255
158,negative_only,pursuing_only,True,True,100,Reddit Finance,0.4509,0.0012,0.2812,0.7230,575,83
159,negative_only,pursuing_only,True,True,200,Reddit r/PSLF,4.6769,0.0000,2.7661,7.9077,862,255
160,negative_only,pursuing_only,True,True,200,Reddit Finance,0.4509,0.0012,0.2812,0.7230,575,83
161,negative_only,pursuing_or_considering,False,False,30,Reddit r/PSLF,6.3521,0.0000,3.5733,11.2920,1469,418
162,negative_only,pursuing_or_considering,False,False,30,SDN (Medical),0.7374,0.0192,0.5752,0.9454,1960,444
163,negative_only,pursuing_or_considering,False,False,30,Reddit Finance,0.1940,0.0000,0.1187,0.3170,999,121
164,negative_only,pursuing_or_considering,False,False,50,Reddit r/PSLF,6.3521,0.0000,3.5733,11.2920,1469,418
165,negative_only,pursuing_or_considering,False,False,50,SDN (Medical),0.7374,0.0192,0.5752,0.9454,1960,444
166,negative_only,pursuing_or_considering,False,False,50,Reddit Finance,0.1940,0.0000,0.1187,0.3170,999,121
167,negative_only,pursuing_or_considering,False,False,100,Reddit r/PSLF,6.3521,0.0000,3.5733,11.2920,1469,418
168,negative_only,pursuing_or_considering,False,False,100,SDN (Medical),0.7374,0.0192,0.5752,0.9454,1960,444
169,negative_only,pursuing_or_considering,False,False,100,Reddit Finance,0.1940,0.0000,0.1187,0.3170,999,121
170,negative_only,pursuing_or_considering,False,False,200,Reddit r/PSLF,6.3521,0.0000,3.5733,11.2920,1469,418
171,negative_only,pursuing_or_considering,False,False,200,SDN (Medical),0.7374,0.0192,0.5752,0.9454,1960,444
172,negative_only,pursuing_or_considering,False,False,200,Reddit Finance,0.1940,0.0000,0.1187,0.3170,999,121
173,negative_only,pursuing_or_considering,False,True,30,Reddit r/PSLF,8.0162,0.0000,3.6795,17.4641,862,255
174,negative_only,pursuing_or_considering,False,True,30,SDN (Medical),0.7374,0.0192,0.5752,0.9454,1960,444
175,negative_only,pursuing_or_considering,False,True,30,Reddit Finance,0.2054,0.0000,0.1033,0.4084,575,83
176,negative_only,pursuing_or_considering,False,True,50,Reddit r/PSLF,8.0162,0.0000,3.6795,17.4641,862,255
177,negative_only,pursuing_or_considering,False,True,50,SDN (Medical),0.7374,0.0192,0.5752,0.9454,1960,444
178,negative_only,pursuing_or_considering,False,True,50,Reddit Finance,0.2054,0.0000,0.1033,0.4084,575,83
179,negative_only,pursuing_or_considering,False,True,100,Reddit r/PSLF,8.0162,0.0000,3.6795,17.4641,862,255
180,negative_only,pursuing_or_considering,False,True,100,SDN (Medical),0.7374,0.0192,0.5752,0.9454,1960,444
181,negative_only,pursuing_or_considering,False,True,100,Reddit Finance,0.2054,0.0000,0.1033,0.4084,575,83
182,negative_only,pursuing_or_considering,False,True,200,Reddit r/PSLF,8.0162,0.0000,3.6795,17.4641,862,255
183,negative_only,pursuing_or_considering,False,True,200,SDN (Medical),0.7374,0.0192,0.5752,0.9454,1960,444
184,negative_only,pursuing_or_considering,False,True,200,Reddit Finance,0.2054,0.0000,0.1033,0.4084,575,83
185,negative_only,pursuing_or_considering,True,False,30,Reddit r/PSLF,6.3521,0.0000,3.5733,11.2920,1469,418
186,negative_only,pursuing_or_considering,True,False,30,Reddit Finance,0.1940,0.0000,0.1187,0.3170,999,121
187,negative_only,pursuing_or_considering,True,False,50,Reddit r/PSLF,6.3521,0.0000,3.5733,11.2920,1469,418
188,negative_only,pursuing_or_considering,True,False,50,Reddit Finance,0.1940,0.0000,0.1187,0.3170,999,121
189,negative_only,pursuing_or_considering,True,False,100,Reddit r/PSLF,6.3521,0.0000,3.5733,11.2920,1469,418
190,negative_only,pursuing_or_considering,True,False,100,Reddit Finance,0.1940,0.0000,0.1187,0.3170,999,121
191,negative_only,pursuing_or_considering,True,False,200,Reddit r/PSLF,6.3521,0.0000,3.5733,11.2920,1469,418
192,negative_only,pursuing_or_considering,True,False,200,Reddit Finance,0.1940,0.0000,0.1187,0.3170,999,121
193,negative_only,pursuing_or_considering,True,True,30,Reddit r/PSLF,8.0162,0.0000,3.6795,17.4641,862,255
194,negative_only,pursuing_or_considering,True,True,30,Reddit Finance,0.2054,0.0000,0.1033,0.4084,575,83
195,negative_only,pursuing_or_considering,True,True,50,Reddit r/PSLF,8.0162,0.0000,3.6795,17.4641,862,255
196,negative_only,pursuing_or_considering,True,True,50,Reddit Finance,0.2054,0.0000,0.1033,0.4084,575,83
197,negative_only,pursuing_or_considering,True,True,100,Reddit r/PSLF,8.0162,0.0000,3.6795,17.4641,862,255
198,negative_only,pursuing_or_considering,True,True,100,Reddit Finance,0.2054,0.0000,0.1033,0.4084,575,83
199,negative_only,pursuing_or_considering,True,True,200,Reddit r/PSLF,8.0162,0.0000,3.6795,17.4641,862,255
200,negative_only,pursuing_or_considering,True,True,200,Reddit Finance,0.2054,0.0000,0.1033,0.4084,575,83
201,negative_only,pursuing_considering_completed,False,False,30,Reddit r/PSLF,0.2963,0.2054,0.0660,1.3295,1469,418
202,negative_only,pursuing_considering_completed,False,False,30,SDN (Medical),0.3352,0.0000,0.2555,0.4397,1960,444
203,negative_only,pursuing_considering_completed,False,False,30,Reddit Finance,0.1134,0.0000,0.0663,0.1938,999,121
204,negative_only,pursuing_considering_completed,False,False,50,Reddit r/PSLF,0.2963,0.2054,0.0660,1.3295,1469,418
205,negative_only,pursuing_considering_completed,False,False,50,SDN (Medical),0.3352,0.0000,0.2555,0.4397,1960,444
206,negative_only,pursuing_considering_completed,False,False,50,Reddit Finance,0.1134,0.0000,0.0663,0.1938,999,121
207,negative_only,pursuing_considering_completed,False,False,100,Reddit r/PSLF,0.2963,0.2054,0.0660,1.3295,1469,418
208,negative_only,pursuing_considering_completed,False,False,100,SDN (Medical),0.3352,0.0000,0.2555,0.4397,1960,444
209,negative_only,pursuing_considering_completed,False,False,100,Reddit Finance,0.1134,0.0000,0.0663,0.1938,999,121
210,negative_only,pursuing_considering_completed,False,False,200,Reddit r/PSLF,0.2963,0.2054,0.0660,1.3295,1469,418
211,negative_only,pursuing_considering_completed,False,False,200,SDN (Medical),0.3352,0.0000,0.2555,0.4397,1960,444
212,negative_only,pursuing_considering_completed,False,False,200,Reddit Finance,0.1134,0.0000,0.0663,0.1938,999,121
213,negative_only,pursuing_considering_completed,False,True,30,Reddit r/PSLF,0.6283,0.9836,0.1044,3.7830,862,255
214,negative_only,pursuing_considering_completed,False,True,30,SDN (Medical),0.3352,0.0000,0.2555,0.4397,1960,444
215,negative_only,pursuing_considering_completed,False,True,30,Reddit Finance,0.1408,0.0000,0.0672,0.2946,575,83
216,negative_only,pursuing_considering_completed,False,True,50,Reddit r/PSLF,0.6283,0.9836,0.1044,3.7830,862,255
217,negative_only,pursuing_considering_completed,False,True,50,SDN (Medical),0.3352,0.0000,0.2555,0.4397,1960,444
218,negative_only,pursuing_considering_completed,False,True,50,Reddit Finance,0.1408,0.0000,0.0672,0.2946,575,83
219,negative_only,pursuing_considering_completed,False,True,100,Reddit r/PSLF,0.6283,0.9836,0.1044,3.7830,862,255
220,negative_only,pursuing_considering_completed,False,True,100,SDN (Medical),0.3352,0.0000,0.2555,0.4397,1960,444
221,negative_only,pursuing_considering_completed,False,True,100,Reddit Finance,0.1408,0.0000,0.0672,0.2946,575,83
222,negative_only,pursuing_considering_completed,False,True,200,Reddit r/PSLF,0.6283,0.9836,0.1044,3.7830,862,255
223,negative_only,pursuing_considering_completed,False,True,200,SDN (Medical),0.3352,0.0000,0.2555,0.4397,1960,444
224,negative_only,pursuing_considering_completed,False,True,200,Reddit Finance,0.1408,0.0000,0.0672,0.2946,575,83
225,negative_only,pursuing_considering_completed,True,False,30,Reddit r/PSLF,0.2963,0.2054,0.0660,1.3295,1469,418
226,negative_only,pursuing_considering_completed,True,False,30,Reddit Finance,0.1134,0.0000,0.0663,0.1938,999,121
227,negative_only,pursuing_considering_completed,True,False,50,Reddit r/PSLF,0.2963,0.2054,0.0660,1.3295,1469,418
228,negative_only,pursuing_considering_completed,True,False,50,Reddit Finance,0.1134,0.0000,0.0663,0.1938,999,121
229,negative_only,pursuing_considering_completed,True,False,100,Reddit r/PSLF,0.2963,0.2054,0.0660,1.3295,1469,418
230,negative_only,pursuing_considering_completed,True,False,100,Reddit Finance,0.1134,0.0000,0.0663,0.1938,999,121
231,negative_only,pursuing_considering_completed,True,False,200,Reddit r/PSLF,0.2963,0.2054,0.0660,1.3295,1469,418
232,negative_only,pursuing_considering_completed,True,False,200,Reddit Finance,0.1134,0.0000,0.0663,0.1938,999,121
233,negative_only,pursuing_considering_completed,True,True,30,Reddit r/PSLF,0.6283,0.9836,0.1044,3.7830,862,255
234,negative_only,pursuing_considering_completed,True,True,30,Reddit Finance,0.1408,0.0000,0.0672,0.2946,575,83
235,negative_only,pursuing_considering_completed,True,True,50,Reddit r/PSLF,0.6283,0.9836,0.1044,3.7830,862,255
236,negative_only,pursuing_considering_completed,True,True,50,Reddit Finance,0.1408,0.0000,0.0672,0.2946,575,83
237,negative_only,pursuing_considering_completed,True,True,100,Reddit r/PSLF,0.6283,0.9836,0.1044,3.7830,862,255
238,negative_only,pursuing_considering_completed,True,True,100,Reddit Finance,0.1408,0.0000,0.0672,0.2946,575,83
239,negative_only,pursuing_considering_completed,True,True,200,Reddit r/PSLF,0.6283,0.9836,0.1044,3.7830,862,255
240,negative_only,pursuing_considering_completed,True,True,200,Reddit Finance,0.1408,0.0000,0.0672,0.2946,575,83
241,both,pursuing_only,False,False,30,Reddit r/PSLF,5.2069,0.0000,3.5425,7.6533,1469,483
242,both,pursuing_only,False,False,30,SDN (Medical),0.3614,0.0000,0.2852,0.4581,1960,588
243,both,pursuing_only,False,False,30,Reddit Finance,0.3688,0.0000,0.2518,0.5404,999,126
244,both,pursuing_only,False,False,50,Reddit r/PSLF,5.2069,0.0000,3.5425,7.6533,1469,483
245,both,pursuing_only,False,False,50,SDN (Medical),0.3614,0.0000,0.2852,0.4581,1960,588
246,both,pursuing_only,False,False,50,Reddit Finance,0.3688,0.0000,0.2518,0.5404,999,126
247,both,pursuing_only,False,False,100,Reddit r/PSLF,5.2069,0.0000,3.5425,7.6533,1469,483
248,both,pursuing_only,False,False,100,SDN (Medical),0.3614,0.0000,0.2852,0.4581,1960,588
249,both,pursuing_only,False,False,100,Reddit Finance,0.3688,0.0000,0.2518,0.5404,999,126
250,both,pursuing_only,False,False,200,Reddit r/PSLF,5.2069,0.0000,3.5425,7.6533,1469,483
251,both,pursuing_only,False,False,200,SDN (Medical),0.3614,0.0000,0.2852,0.4581,1960,588
252,both,pursuing_only,False,False,200,Reddit Finance,0.3688,0.0000,0.2518,0.5404,999,126
253,both,pursuing_only,False,True,30,Reddit r/PSLF,5.2885,0.0000,3.2048,8.7269,862,297
254,both,pursuing_only,False,True,30,SDN (Medical),0.3614,0.0000,0.2852,0.4581,1960,588
255,both,pursuing_only,False,True,30,Reddit Finance,0.4696,0.0016,0.2966,0.7437,575,88
256,both,pursuing_only,False,True,50,Reddit r/PSLF,5.2885,0.0000,3.2048,8.7269,862,297
257,both,pursuing_only,False,True,50,SDN (Medical),0.3614,0.0000,0.2852,0.4581,1960,588
258,both,pursuing_only,False,True,50,Reddit Finance,0.4696,0.0016,0.2966,0.7437,575,88
259,both,pursuing_only,False,True,100,Reddit r/PSLF,5.2885,0.0000,3.2048,8.7269,862,297
260,both,pursuing_only,False,True,100,SDN (Medical),0.3614,0.0000,0.2852,0.4581,1960,588
261,both,pursuing_only,False,True,100,Reddit Finance,0.4696,0.0016,0.2966,0.7437,575,88
262,both,pursuing_only,False,True,200,Reddit r/PSLF,5.2885,0.0000,3.2048,8.7269,862,297
263,both,pursuing_only,False,True,200,SDN (Medical),0.3614,0.0000,0.2852,0.4581,1960,588
264,both,pursuing_only,False,True,200,Reddit Finance,0.4696,0.0016,0.2966,0.7437,575,88
265,both,pursuing_only,True,False,30,Reddit r/PSLF,5.2069,0.0000,3.5425,7.6533,1469,483
266,both,pursuing_only,True,False,30,Reddit Finance,0.3688,0.0000,0.2518,0.5404,999,126
267,both,pursuing_only,True,False,50,Reddit r/PSLF,5.2069,0.0000,3.5425,7.6533,1469,483
268,both,pursuing_only,True,False,50,Reddit Finance,0.3688,0.0000,0.2518,0.5404,999,126
269,both,pursuing_only,True,False,100,Reddit r/PSLF,5.2069,0.0000,3.5425,7.6533,1469,483
270,both,pursuing_only,True,False,100,Reddit Finance,0.3688,0.0000,0.2518,0.5404,999,126
271,both,pursuing_only,True,False,200,Reddit r/PSLF,5.2069,0.0000,3.5425,7.6533,1469,483
272,both,pursuing_only,True,False,200,Reddit Finance,0.3688,0.0000,0.2518,0.5404,999,126
273,both,pursuing_only,True,True,30,Reddit r/PSLF,5.2885,0.0000,3.2048,8.7269,862,297
274,both,pursuing_only,True,True,30,Reddit Finance,0.4696,0.0016,0.2966,0.7437,575,88
275,both,pursuing_only,True,True,50,Reddit r/PSLF,5.2885,0.0000,3.2048,8.7269,862,297
276,both,pursuing_only,True,True,50,Reddit Finance,0.4696,0.0016,0.2966,0.7437,575,88
277,both,pursuing_only,True,True,100,Reddit r/PSLF,5.2885,0.0000,3.2048,8.7269,862,297
278,both,pursuing_only,True,True,100,Reddit Finance,0.4696,0.0016,0.2966,0.7437,575,88
279,both,pursuing_only,True,True,200,Reddit r/PSLF,5.2885,0.0000,3.2048,8.7269,862,297
280,both,pursuing_only,True,True,200,Reddit Finance,0.4696,0.0016,0.2966,0.7437,575,88
281,both,pursuing_or_considering,False,False,30,Reddit r/PSLF,7.3294,0.0000,4.2038,12.7791,1469,483
282,both,pursuing_or_considering,False,False,30,SDN (Medical),0.2718,0.0000,0.2169,0.3407,1960,588
283,both,pursuing_or_considering,False,False,30,Reddit Finance,0.1822,0.0000,0.1122,0.2957,999,126
284,both,pursuing_or_considering,False,False,50,Reddit r/PSLF,7.3294,0.0000,4.2038,12.7791,1469,483
285,both,pursuing_or_considering,False,False,50,SDN (Medical),0.2718,0.0000,0.2169,0.3407,1960,588
286,both,pursuing_or_considering,False,False,50,Reddit Finance,0.1822,0.0000,0.1122,0.2957,999,126
287,both,pursuing_or_considering,False,False,100,Reddit r/PSLF,7.3294,0.0000,4.2038,12.7791,1469,483
288,both,pursuing_or_considering,False,False,100,SDN (Medical),0.2718,0.0000,0.2169,0.3407,1960,588
289,both,pursuing_or_considering,False,False,100,Reddit Finance,0.1822,0.0000,0.1122,0.2957,999,126
290,both,pursuing_or_considering,False,False,200,Reddit r/PSLF,7.3294,0.0000,4.2038,12.7791,1469,483
291,both,pursuing_or_considering,False,False,200,SDN (Medical),0.2718,0.0000,0.2169,0.3407,1960,588
292,both,pursuing_or_considering,False,False,200,Reddit Finance,0.1822,0.0000,0.1122,0.2957,999,126
293,both,pursuing_or_considering,False,True,30,Reddit r/PSLF,8.8323,0.0000,4.2457,18.3738,862,297
294,both,pursuing_or_considering,False,True,30,SDN (Medical),0.2718,0.0000,0.2169,0.3407,1960,588
295,both,pursuing_or_considering,False,True,30,Reddit Finance,0.1753,0.0000,0.0890,0.3452,575,88
296,both,pursuing_or_considering,False,True,50,Reddit r/PSLF,8.8323,0.0000,4.2457,18.3738,862,297
297,both,pursuing_or_considering,False,True,50,SDN (Medical),0.2718,0.0000,0.2169,0.3407,1960,588
298,both,pursuing_or_considering,False,True,50,Reddit Finance,0.1753,0.0000,0.0890,0.3452,575,88
299,both,pursuing_or_considering,False,True,100,Reddit r/PSLF,8.8323,0.0000,4.2457,18.3738,862,297
300,both,pursuing_or_considering,False,True,100,SDN (Medical),0.2718,0.0000,0.2169,0.3407,1960,588
301,both,pursuing_or_considering,False,True,100,Reddit Finance,0.1753,0.0000,0.0890,0.3452,575,88
302,both,pursuing_or_considering,False,True,200,Reddit r/PSLF,8.8323,0.0000,4.2457,18.3738,862,297
303,both,pursuing_or_considering,False,True,200,SDN (Medical),0.2718,0.0000,0.2169,0.3407,1960,588
304,both,pursuing_or_considering,False,True,200,Reddit Finance,0.1753,0.0000,0.0890,0.3452,575,88
305,both,pursuing_or_considering,True,False,30,Reddit r/PSLF,7.3294,0.0000,4.2038,12.7791,1469,483
306,both,pursuing_or_considering,True,False,30,Reddit Finance,0.1822,0.0000,0.1122,0.2957,999,126
307,both,pursuing_or_considering,True,False,50,Reddit r/PSLF,7.3294,0.0000,4.2038,12.7791,1469,483
308,both,pursuing_or_considering,True,False,50,Reddit Finance,0.1822,0.0000,0.1122,0.2957,999,126
309,both,pursuing_or_considering,True,False,100,Reddit r/PSLF,7.3294,0.0000,4.2038,12.7791,1469,483
310,both,pursuing_or_considering,True,False,100,Reddit Finance,0.1822,0.0000,0.1122,0.2957,999,126
311,both,pursuing_or_considering,True,False,200,Reddit r/PSLF,7.3294,0.0000,4.2038,12.7791,1469,483
312,both,pursuing_or_considering,True,False,200,Reddit Finance,0.1822,0.0000,0.1122,0.2957,999,126
313,both,pursuing_or_considering,True,True,30,Reddit r/PSLF,8.8323,0.0000,4.2457,18.3738,862,297
314,both,pursuing_or_considering,True,True,30,Reddit Finance,0.1753,0.0000,0.0890,0.3452,575,88
315,both,pursuing_or_considering,True,True,50,Reddit r/PSLF,8.8323,0.0000,4.2457,18.3738,862,297
316,both,pursuing_or_considering,True,True,50,Reddit Finance,0.1753,0.0000,0.0890,0.3452,575,88
317,both,pursuing_or_considering,True,True,100,Reddit r/PSLF,8.8323,0.0000,4.2457,18.3738,862,297
318,both,pursuing_or_considering,True,True,100,Reddit Finance,0.1753,0.0000,0.0890,0.3452,575,88
319,both,pursuing_or_considering,True,True,200,Reddit r/PSLF,8.8323,0.0000,4.2457,18.3738,862,297
320,both,pursuing_or_considering,True,True,200,Reddit Finance,0.1753,0.0000,0.0890,0.3452,575,88
321,both,pursuing_considering_completed,False,False,30,Reddit r/PSLF,0.1943,0.0762,0.0376,1.0052,1469,483
322,both,pursuing_considering_completed,False,False,30,SDN (Medical),0.0563,0.0000,0.0401,0.0792,1960,588
323,both,pursuing_considering_completed,False,False,30,Reddit Finance,0.1038,0.0000,0.0608,0.1772,999,126
324,both,pursuing_considering_completed,False,False,50,Reddit r/PSLF,0.1943,0.0762,0.0376,1.0052,1469,483
325,both,pursuing_considering_completed,False,False,50,SDN (Medical),0.0563,0.0000,0.0401,0.0792,1960,588
326,both,pursuing_considering_completed,False,False,50,Reddit Finance,0.1038,0.0000,0.0608,0.1772,999,126
327,both,pursuing_considering_completed,False,False,100,Reddit r/PSLF,0.1943,0.0762,0.0376,1.0052,1469,483
328,both,pursuing_considering_completed,False,False,100,SDN (Medical),0.0563,0.0000,0.0401,0.0792,1960,588
329,both,pursuing_considering_completed,False,False,100,Reddit Finance,0.1038,0.0000,0.0608,0.1772,999,126
330,both,pursuing_considering_completed,False,False,200,Reddit r/PSLF,0.1943,0.0762,0.0376,1.0052,1469,483
331,both,pursuing_considering_completed,False,False,200,SDN (Medical),0.0563,0.0000,0.0401,0.0792,1960,588
332,both,pursuing_considering_completed,False,False,200,Reddit Finance,0.1038,0.0000,0.0608,0.1772,999,126
333,both,pursuing_considering_completed,False,True,30,Reddit r/PSLF,0.3481,0.4632,0.0578,2.0951,862,297
334,both,pursuing_considering_completed,False,True,30,SDN (Medical),0.0563,0.0000,0.0401,0.0792,1960,588
335,both,pursuing_considering_completed,False,True,30,Reddit Finance,0.1151,0.0000,0.0548,0.2418,575,88
336,both,pursuing_considering_completed,False,True,50,Reddit r/PSLF,0.3481,0.4632,0.0578,2.0951,862,297
337,both,pursuing_considering_completed,False,True,50,SDN (Medical),0.0563,0.0000,0.0401,0.0792,1960,588
338,both,pursuing_considering_completed,False,True,50,Reddit Finance,0.1151,0.0000,0.0548,0.2418,575,88
339,both,pursuing_considering_completed,False,True,100,Reddit r/PSLF,0.3481,0.4632,0.0578,2.0951,862,297
340,both,pursuing_considering_completed,False,True,100,SDN (Medical),0.0563,0.0000,0.0401,0.0792,1960,588
341,both,pursuing_considering_completed,False,True,100,Reddit Finance,0.1151,0.0000,0.0548,0.2418,575,88
342,both,pursuing_considering_completed,False,True,200,Reddit r/PSLF,0.3481,0.4632,0.0578,2.0951,862,297
343,both,pursuing_considering_completed,False,True,200,SDN (Medical),0.0563,0.0000,0.0401,0.0792,1960,588
344,both,pursuing_considering_completed,False,True,200,Reddit Finance,0.1151,0.0000,0.0548,0.2418,575,88
345,both,pursuing_considering_completed,True,False,30,Reddit r/PSLF,0.1943,0.0762,0.0376,1.0052,1469,483
346,both,pursuing_considering_completed,True,False,30,Reddit Finance,0.1038,0.0000,0.0608,0.1772,999,126
347,both,pursuing_considering_completed,True,False,50,Reddit r/PSLF,0.1943,0.0762,0.0376,1.0052,1469,483
348,both,pursuing_considering_completed,True,False,50,Reddit Finance,0.1038,0.0000,0.0608,0.1772,999,126
349,both,pursuing_considering_completed,True,False,100,Reddit r/PSLF,0.1943,0.0762,0.0376,1.0052,1469,483
350,both,pursuing_considering_completed,True,False,100,Reddit Finance,0.1038,0.0000,0.0608,0.1772,999,126
351,both,pursuing_considering_completed,True,False,200,Reddit r/PSLF,0.1943,0.0762,0.0376,1.0052,1469,483
352,both,pursuing_considering_completed,True,False,200,Reddit Finance,0.1038,0.0000,0.0608,0.1772,999,126
353,both,pursuing_considering_completed,True,True,30,Reddit r/PSLF,0.3481,0.4632,0.0578,2.0951,862,297
354,both,pursuing_considering_completed,True,True,30,Reddit Finance,0.1151,0.0000,0.0548,0.2418,575,88
355,both,pursuing_considering_completed,True,True,50,Reddit r/PSLF,0.3481,0.4632,0.0578,2.0951,862,297
356,both,pursuing_considering_completed,True,True,50,Reddit Finance,0.1151,0.0000,0.0548,0.2418,575,88
357,both,pursuing_considering_completed,True,True,100,Reddit r/PSLF,0.3481,0.4632,0.0578,2.0951,862,297
358,both,pursuing_considering_completed,True,True,100,Reddit Finance,0.1151,0.0000,0.0548,0.2418,575,88
359,both,pursuing_considering_completed,True,True,200,Reddit r/PSLF,0.3481,0.4632,0.0578,2.0951,862,297
360,both,pursuing_considering_completed,True,True,200,Reddit Finance,0.1151,0.0000,0.0548,0.2418,575,88
