tweet_id,author_id,author_username,text,created_at,retweet_count,like_count,reply_count,quote_count,impression_count,lang,conversation_id,is_reply,is_retweet,is_quote,hashtags,query_matched,polarity,subjectivity,word_count,collection_method,scraped_at
a038290b0bbb7e65,,EDCAP_NY,"Thinking about consolidating your student loans? The rules changed, and timing matters. Watch this before you act. Parent PLUS borrowers: there is an important deadline coming up. #studentloans #studentdebt #PSLF #ParentPLUS",1h,0,14,14,0,0,en,,False,False,False,"#studentloans,#studentdebt,#PSLF,#ParentPLUS",PSLF,0.4,1.0,31,nitter_browser,2026-03-23T22:41:11.211528
8f64291ad6ae2973,,getpeoplejoy,"The SAVE plan has been struck down by a federal appeals court. If you are pursuing #PSLF, this could impact your repayment strategy and forgiveness timeline. We break down what borrowers should do next #StudentLoans #LoanForgiveness #SAVEPlan",10h,0,6,6,0,0,en,,False,False,False,"#PSLF,#StudentLoans,#LoanForgiveness,#SAVEPlan",PSLF,-0.103704,0.192593,37,nitter_browser,2026-03-23T22:41:11.211528
fd0424a04b2b0e86,,jocmy85,Replying to @independentMDs And will get worse now with 200k caps on fed loans making pslf less attractive,22h,48,48,1,0,0,en,,True,False,False,,PSLF,0.077778,0.555556,18,nitter_browser,2026-03-23T22:41:11.211528
aeecd22f25ae447e,,3dzipp0,Who said government cant be scammers?,22h,0,1,1,0,0,en,,False,False,False,,PSLF,0.0,0.0,6,nitter_browser,2026-03-23T22:41:11.212506
3ba2c628e9cf4403,,willactuallycry,just formally submitted my PSLF buyback request,Mar 22,76,76,2,0,0,en,,False,False,False,,PSLF,0.0,0.0,7,nitter_browser,2026-03-23T22:41:11.212506
8f251caea9b8c4f3,,PhysicianCents,How Doctors Can Achieve Financial Freedom 12 Essential Steps Part 2 Attack student loans strategically PSLF vs refinance know the rules before you act,Mar 22,131,131,1,0,0,en,,False,False,False,,PSLF,0.0,0.15,24,nitter_browser,2026-03-23T22:41:11.212506
55836436d827de32,,rndmtwitaccount,Replying to @Mtnbiker15 PGY-6 national average is 90k PGY-8 averages 100k and goes upwards of 120k Debt is high because no one pays it off Most sane people would take PSLF and the debt is written off to zero,Mar 21,0,19,19,0,0,en,,True,False,False,,PSLF,0.17,0.48,39,nitter_browser,2026-03-23T22:41:11.212506
ffa0dd6cdfebd151,,DebtCrisisOrg,I am working towards student loan forgiveness via PSLF and am a little over halfway there I would not be able to afford my loan payments nor would I have any hope of paying off my student debt without these programs Borrower from Pennsylvania,Mar 21,23,904,3,904,0,en,,False,False,False,,PSLF,0.15625,0.5625,44,nitter_browser,2026-03-23T22:41:11.212506
ea6685385849a461,,davidkfried,Loans are purposefully designed to keep you in permanent debt If you are going to go into debt go DEEP and declare bankruptcy,Mar 21,0,48,48,0,0,en,,False,False,False,,PSLF,0.0,0.4,23,nitter_browser,2026-03-23T22:41:11.212506
507bff37915a8751,,SatireNews,Woman follows PSLF rules borrows 49.5k pays 25.5k over 120 payments now owes 50.1k Debt grew instead of shrinking Government forgiveness is a straight-up trap on working Americans #AmericaFirst #SatireNews,Mar 21,55,55,1,0,0,en,,False,False,False,"#AmericaFirst,#SatireNews",PSLF,0.0,0.0,30,nitter_browser,2026-03-23T22:41:11.213508
67c55ac053756b00,,UBaltLawReview,In this weeks Issue to Watch Staff Editor Madeline Stewart examines the ongoing litigation over changes to the Public Service Loan Forgiveness program,6h,0,12,12,0,0,en,,False,False,False,,Public Service Loan Forgiveness,0.0,0.066667,23,nitter_browser,2026-03-23T22:41:11.213508
ce12b2d3653f2d24,,b_ryan78,Replying to @CTCentinal Sounds like they should have their nonprofit status revoked for supporting terrorism And to the extent that any of their employees are getting public service loan forgiveness on their student loans those should be cancelled,Mar 21,31,31,2,0,0,en,,True,False,False,,Public Service Loan Forgiveness,0.125,0.158333,38,nitter_browser,2026-03-23T22:41:11.213508
12c35098bef993bb,,doctahhippie,Replying to @DutchRojas Also physicians working for a for-profit hospital or physician group are not eligible for the public service loan forgiveness program even if they are caring for an underserved population,Mar 20,120,120,3,0,0,en,,True,False,False,,Public Service Loan Forgiveness,0.0,0.066667,32,nitter_browser,2026-03-23T22:41:11.213508
172188ad80581a03,,DebtCrisisOrg,I have been working in non-profits to earn credit toward public service loan forgiveness I am concerned about my monthly payments increasing because of the impact of inflation Borrower from Oregon,Mar 20,17,909,4,909,0,en,,False,False,False,,Public Service Loan Forgiveness,0.0,0.066667,31,nitter_browser,2026-03-23T22:41:11.213508
f53e3c0d6e537a45,,frametofinish11,Replying to @mackin_shawn She paid 212 per month because she knew it would be paid off by the govt due to public service loan forgiveness aka the US taxpayer funds it,Mar 20,54,54,1,0,0,en,,True,False,False,,Public Service Loan Forgiveness,-0.0625,0.220833,31,nitter_browser,2026-03-23T22:41:11.214509
61fca927f07a3649,,SensibleSmitty,Replying to @WallStreetApes She is in the PSLF program public service loan forgiveness She borrowed 50000 and she only repaid 25000 The remaining balance is forgiven by the US Dept of Ed PSLF is specifically designed this way to give the borrower financial flexibility,Mar 20,0,106,106,0,0,en,,True,False,False,,Public Service Loan Forgiveness,0.0,0.355556,44,nitter_browser,2026-03-23T22:41:11.214509
5f8fb58f553e8719,,MEFAtweets,Recent legislation has established significant changes to Parent PLUS Loans If you are interested in Income-Driven Repayment IDR or Public Service Loan Forgiveness PSLF there are key deadlines to be aware of,Mar 20,0,45,45,0,0,en,,False,False,False,,Public Service Loan Forgiveness,0.145833,0.490278,32,nitter_browser,2026-03-23T22:41:11.214509
138b21d226807bac,,3RenChengHu,The actual scam here is that she is on the Public Service Loan Forgiveness program and her entire 50k debt to taxpayers will be cancelled after paying only ten years worth of interest at subsidized rates,Mar 20,1721,1721,28,0,0,en,,False,False,False,,Public Service Loan Forgiveness,0.05,0.315278,36,nitter_browser,2026-03-23T22:41:11.214509
b1b9648ffb67aad9,,Zombielicorice,Replying to @WallStreetApes Nobody seems to be mentioning she is going for the public service loan forgiveness plan which is where government employees get their student loans forgiven after making 10 years of payments,Mar 20,121,121,2,0,0,en,,True,False,False,,Public Service Loan Forgiveness,0.0,0.066667,34,nitter_browser,2026-03-23T22:41:11.214509
06c7f448b1d17566,,1970corvair,Replying to @WallStreetApes This is the PSLF program public service loan forgiveness She openly admits that she just hit 120 payments for it Forgiveness wipes the rest after 10 years,Mar 20,0,23,23,0,0,en,,True,False,False,,Public Service Loan Forgiveness,0.0,0.283333,30,nitter_browser,2026-03-23T22:41:11.214509
a8a2fec25c672a92,,ironConrad42,Replying to @WallStreetApes She took out a student loan for a college degree Note she said public service loan forgiveness You paid her loan off Who is the fool now,Mar 20,9,9,1,0,0,en,,True,False,False,,Public Service Loan Forgiveness,0.0,0.066667,30,nitter_browser,2026-03-23T22:41:11.215504
5e4015c2df4f982c,,moejoeryzen72,Replying to @mackin_shawn She is doing it intentionally Its Public Service Loan Forgiveness PSLF She made 120 payments on an income-driven repayment plan intentionally keeping payments low,Mar 20,6,249,2,249,0,en,,True,False,False,,Public Service Loan Forgiveness,0.0,0.183333,27,nitter_browser,2026-03-23T22:41:11.215504
8987fff73e68f165,,DreamBiggerLLC,IF YOU ARE GRADUATING TRAINING RESIDENCY OR FELLOWSHIP IN JUNE 2026 AND HAVE FEDERAL STUDENT LOANS PURSUING PSLF FILE A TAX EXTENSION THIS COULD SAVE YOU THOUSANDS,Mar 19,210,210,3,0,0,en,,False,False,False,,PSLF residency,0.0,0.0,27,nitter_browser,2026-03-23T22:41:11.215504
2e1e8a3e2faa375e,,EAndkhoy,Congrats to all physicians who matched this week The financial decisions you make during residency matter more than the ones you will make as an attending If you are at a nonprofit hospital look into PSLF it could eliminate a significant chunk of your federal loans,Mar 17,76,76,3,0,0,en,,False,False,False,,PSLF residency,0.291667,0.458333,46,nitter_browser,2026-03-23T22:41:11.215504
b8bc170ac732a7f9,,cow_belle65,Replying to @SecKennedy You mean the medical students who wont be able to afford med school because of the limits your Party and Trump put on borrowing and taking away Residency years towards their PSLF,Mar 15,0,18,18,0,0,en,,True,False,False,,PSLF residency,0.0625,0.4375,35,nitter_browser,2026-03-23T22:41:11.215504
0bbc46842044079f,,GreeleyWealth,When I graduated PSLF was just starting I did not fully understand it and I missed out Between residency and my first job at an academic hospital I could have qualified for PSLF and saved hundreds of thousands of dollars,Feb 19,13,13,1,0,0,en,,False,False,False,,PSLF residency,0.083333,0.144444,40,nitter_browser,2026-03-23T22:41:11.216506
28e2d008df908ab4,,seanhutchison,Replying to @chicfryrice could he have been making PSLF payments during his 5 year residency Thus leaving only 5 years left until forgiveness,Feb 15,0,43,43,0,0,en,,True,False,False,,PSLF residency,0.0,0.5,23,nitter_browser,2026-03-23T22:41:11.216506
4c3bc4080adfa06e,,DreamBiggerLLC,I help 4th year medical students start intern year with zero student loan payments that still count toward PSLF Imagine starting residency and seeing a zero payment,Feb 4,1,331,1,3,331,en,,False,False,False,,PSLF residency,0.0,0.05,27,nitter_browser,2026-03-23T22:41:11.216506
17efc985c4b433a7,,Bluearcsys,NYC is hiring Child Protective Specialists Starting salary 59K PSLF-eligible student loan forgiveness NYC residency not required,Jan 6,0,90,90,0,0,en,,False,False,False,,PSLF residency,0.0,0.1,17,nitter_browser,2026-03-23T22:41:11.216506
f4228ae37ae32f0a,,MatchtoMillion,Replying to @shamitsdesai She is not And no PSLF Looking to refinance and pay off in 3-5 years post-residency,29 Dec 2025,0,23,23,0,0,en,,True,False,False,,PSLF residency,0.0,0.0,19,nitter_browser,2026-03-23T22:41:11.216506
f3875efb53fc68fd,,DreamBiggerLLC,Step 1 PSLF Overview A big picture look at PSLF and why addressing your student loans before residency can save you a lot of money later,16 Dec 2025,112,112,1,0,0,en,,False,False,False,,PSLF residency,0.0,0.05,26,nitter_browser,2026-03-23T22:41:11.216506
af0e57fefa759352,,RamseyFerguson,I just finished internal medicine residency and went back to my rural hometown to work as a hospitalist that choice came with disqualifying myself from PSLF because the only hospital in the area is owned by a for-profit corporation,23 Sep 2025,43,43,1,0,0,en,,False,False,False,,PSLF residency,0.0,0.25,39,nitter_browser,2026-03-23T22:41:11.217401
ca7fce119e360e2b,,RndmStreetMedic,Speaking of residency Prior to this administration residency counted towards PSLF time Currently they are trying to remove it,17 Sep 2025,1,115,1,14,115,en,,False,False,False,,PSLF residency,0.0,0.2,19,nitter_browser,2026-03-23T22:41:11.217401
6b8664b1f08bf30a,,GreeleyWealth,Make a plan for your student loans Many of you can qualify for PSLF But you must get on an Income Based Repayment plan as a resident Most will have zero payments Please get credit for those four years of residency,9 Sep 2025,20,20,1,0,0,en,,False,False,False,,PSLF residency,0.5,0.5,41,nitter_browser,2026-03-23T22:41:11.217401
3dd097a52716f2d2,,clearSNR,Replying to @109876erss You are a teacher with 100000 of student loan debt and you are not involved in PSLF,Mar 21,16,16,1,0,0,en,,True,False,False,,PSLF teacher,0.0,0.0,20,nitter_browser,2026-03-23T22:41:11.217401
8600244ea4959e8c,,BruChiMao,Replying to @Bubblebathgirl The student loan system is a scam It is modern day slavery Teacher here My loans cost more than I make and essentially work for free And that is WITH PSLF which is also a scam,Mar 20,76,76,4,0,0,en,,True,False,False,,PSLF teacher,0.275,0.475,39,nitter_browser,2026-03-23T22:41:11.217401
1267437a17bc50c6,,getpeoplejoy,The SAVE plan has been struck down by a federal appeals court If you are pursuing PSLF this could impact your repayment strategy,10h,0,6,6,0,0,en,,False,False,False,,PSLF SAVE plan,-0.155556,0.288889,23,nitter_browser,2026-03-23T22:41:11.217401
4fc3c1d5a01d8524,,caelliottmpa,I have 32 months remaining on PSLF I am debating if I should enroll into a payment plan or wait until the courts rule on the SAVE plan My expected forgiveness is November 2028,Mar 12,0,32,32,0,0,en,,False,False,False,,PSLF SAVE plan,-0.1,0.4,34,nitter_browser,2026-03-23T22:41:11.218400
fb3022e8ca604d2d,,BRoseMDMPH,Now that SAVE student loan plan is ending think carefully about what plan you switch to especially if seeking PSLF RAP seems like the best overall option,Mar 11,181,181,1,0,0,en,,False,False,False,,PSLF SAVE plan,0.225,0.575,27,nitter_browser,2026-03-23T22:41:11.218400
b27b2e55b6528a0f,,DebtCrisisOrg,With the SAVE plan I am able to live a comfortable life and work toward PSLF If SAVE and IDRs go away I am concerned that I will not be able to make ends meet Borrower in IL This is why SAVE must be saved,Mar 11,8,1291,1,54,1291,en,,False,False,False,,PSLF SAVE plan,0.384091,0.6375,45,nitter_browser,2026-03-23T22:41:11.218400
47ca3b98acde78ba,,CollegeInvestin,The SAVE student loan plan is dead by court order IBR is likely your best remaining income-driven option PSLF is still fully available,Mar 9,2,220,2,220,0,en,,False,False,False,,PSLF SAVE plan,0.3,0.525,23,nitter_browser,2026-03-23T22:41:11.218400
5e121d76499282c1,,BRoseMDMPH,Forced court forbearance on SAVE plan needs to count towards PSLF automatically or via buyback,Mar 3,116,116,3,0,0,en,,False,False,False,,PSLF SAVE plan,-0.3,0.2,15,nitter_browser,2026-03-23T22:41:11.218400
869873aef5e7545e,,Peter_Bucci,Replying to @_rotimia Fix the housing shortage Cut red tape Boost trade schools Grow the doctor training pipeline Dont talk about gun control student loan forgiveness immigration,Mar 20,0,18,18,0,0,en,,True,False,False,,student loan forgiveness doctor,0.0,0.0,27,nitter_browser,2026-03-23T22:41:11.218400
bdc9c8a44585bf22,,PalazzzoF,Priorities Full Pay Restoration Stopping scope creep UK Graduate prioritisation Student loan forgiveness Ending doctor unemployment The BMA must focus relentlessly,Mar 11,2,383,2,10,383,en,,False,False,False,,student loan forgiveness doctor,0.35,0.55,21,nitter_browser,2026-03-23T22:41:11.218400
af3447d087bce867,,530BruceRoss,Replying to @AnechoicMedia_ Student loan forgiveness for practicing in underserved areas is very common You even make more than 70K if a doctor,Feb 16,0,21,21,0,0,en,,True,False,False,,student loan forgiveness doctor,0.055,0.575,23,nitter_browser,2026-03-23T22:41:11.218400
092dc71c8754fe1a,,DrSteveTaylor,Student Loan Scandal It hits the higher earners worse Time for student loan forgiveness and resolve the Resident Doctor dispute,Jan 28,79,5103,4,154,5103,en,,False,False,False,,student loan forgiveness doctor,-0.075,0.55,20,nitter_browser,2026-03-23T22:41:11.219905
9b5110a003b2d35f,,achimrise,Replying to @FlushLeftTurds My mom is a teacher makes 90K a year both nurses and teachers can qualify for a loan forgiveness so the student debt becomes moot after 10 years,Mar 10,4,68,2,68,0,en,,True,False,False,,student loan forgiveness teacher,0.0,0.0,31,nitter_browser,2026-03-23T22:41:11.219905
7dcf58fa7e2c207d,,I_amLilWill,Replying to @vickram68 A binding contract already has loan forgiveness clauses in them You have teacher loan forgiveness permanent disability public service,Mar 10,3,54,1,54,0,en,,True,False,False,,student loan forgiveness teacher,0.0,0.066667,22,nitter_browser,2026-03-23T22:41:11.219905
5c8478b166765c85,,aroom_withbooks,You could just properly fund every school and give teachers student loan forgiveness and rein in the policies that allow them to be abused on the job I would still be a teacher if that had been done 5 years ago,Mar 10,0,24,24,0,0,en,,False,False,False,,student loan forgiveness teacher,0.0,0.1,41,nitter_browser,2026-03-23T22:41:11.219905
a1f3b93146f953f8,,bbalkus,Replying to @KrissyQuark Teachers in the US make more money receive loan forgiveness for college debt get generous pensions for life,Mar 3,5,80,1,80,0,en,,True,False,False,,student loan forgiveness teacher,0.5,0.5,21,nitter_browser,2026-03-23T22:41:11.220939
21eb3ec358de1c01,,MillerExtraLite,Replying to @ThomasSowell She is a teacher she would be eligible for Public Student Loan Forgiveness,Feb 24,0,14,14,0,0,en,,True,False,False,,student loan forgiveness teacher,0.0,0.066667,16,nitter_browser,2026-03-23T22:41:11.220939
54059aeba8a2448a,,marysaghost,As of yesterday and thanks to my teacher loan forgiveness application FINALLY getting approved I am now finally finished paying off my student loans I am so grateful,Feb 24,316,316,4,0,0,en,,False,False,False,,student loan forgiveness teacher,0.066667,0.733333,28,nitter_browser,2026-03-23T22:41:11.220939
833db2824bbe8c47,,CollegeInvestin,The complete list of Teacher Loan Forgiveness programs How Teachers Can Get Their Student Loans Forgiven including PSLF Teacher Loan Forgiveness Perkins Forgiveness and more,Feb 23,0,81,81,0,0,en,,False,False,False,,student loan forgiveness teacher,0.3,0.45,25,nitter_browser,2026-03-23T22:41:11.220939
b5d13877c37921ef,,selinawangtv,Student loan scams are rising as the Trump administration winds down forgiveness programs A NYC public school teacher says she lost thousands,Feb 17,11,3214,7,44,3214,en,,False,False,False,,student loan forgiveness teacher,-0.077778,0.177778,22,nitter_browser,2026-03-23T22:41:11.220939
d9361542a3a7b7cb,,grok,Replying to @floridatechgirl Teacher Loan Forgiveness maxes at 5000 for most elementary teachers vs up to 17500 for high-need fields,Feb 15,13,13,1,0,0,en,,True,False,False,,student loan forgiveness teacher,0.4,0.7,20,nitter_browser,2026-03-23T22:41:11.220939
de169b3a76560e23,,grok,Replying to @sirkmayor Yes student loan forgiveness is still available through programs like PSLF teacher forgiveness and disability discharges major changes take effect July 1 2026,Feb 13,0,162,162,0,0,en,,True,False,False,,student loan forgiveness teacher,0.23125,0.45,26,nitter_browser,2026-03-23T22:41:11.221926
c381de051e566eb5,,sjperryCA,Canadas national student loan forgiveness program has been expanded for more occupations in rural areas NEW Dentist Educator Midwife Pharmacist Social Worker and Teacher,Feb 6,88,88,1,0,0,en,,False,False,False,,student loan forgiveness teacher,0.167424,0.255303,24,nitter_browser,2026-03-23T22:41:11.221926
b5defc83fb425b87,,JPAL_NA,Student debt is a significant burden for teachers Although the US government provides loan forgiveness programs take-up is low,Feb 6,0,54,54,0,0,en,,False,False,False,,student loan forgiveness teacher,0.1875,0.5875,19,nitter_browser,2026-03-23T22:41:11.221926
26289b75f80a0135,,RealMarkVictor,Replying to @usedgov Why does it take 18 plus months to process a buyback request for the PSLF program,Mar 19,133,133,1,0,0,en,,True,False,False,,PSLF buyback,0.0,0.0,19,nitter_browser,2026-03-23T22:41:11.221926
03c5c62ab6aa1255,,emamadden,Why does everything on studentaid gov work EXCEPT for the PSLF buyback submission I just want to submit my buyback application,Mar 18,78,78,1,0,0,en,,False,False,False,,PSLF buyback,0.0,0.0,21,nitter_browser,2026-03-23T22:41:11.221926
bb7d3923b92c59e3,,RealMarkVictor,Replying to @EDSecMcMahon Meanwhile there has been very little progress for the 88k public servants waiting endlessly on the buyback backlog for the PSLF program,Mar 17,25,25,2,0,0,en,,True,False,False,,PSLF buyback,-0.122917,0.488889,25,nitter_browser,2026-03-23T22:41:11.222912
affc6c66baf8b001,,DustinMPeyser,Student Loan IDR Backlog Drops To Record Low But PSLF Buyback Issues Remain #StudentLoans #IDR #PSLF #LoanForgiveness,Mar 17,0,25,25,0,0,en,,False,False,False,"#StudentLoans,#IDR,#PSLF,#LoanForgiveness",PSLF buyback,0.0,0.3,17,nitter_browser,2026-03-23T22:41:11.222912
628693cc97b8d0fb,,CollegeInvestin,The Department processed 329169 IDR applications in February But PSLF Buyback Queue Keeps Growing,Mar 16,99,99,1,0,0,en,,False,False,False,,PSLF buyback,0.0,0.0,14,nitter_browser,2026-03-23T22:41:11.222912
a6a73d4813ac0bc5,,rrobfarrington,New court filing the IDR backlog hit its lowest point ever But the PSLF buyback queue grew to 88170,Mar 16,0,51,51,0,0,en,,False,False,False,,PSLF buyback,0.136364,0.454545,19,nitter_browser,2026-03-23T22:41:11.222912
1b548e7f6d4232b8,,CollegeInvestin,88170 PSLF buyback applications are pending The Department processed just 2520 in February,Mar 16,103,103,1,0,0,en,,False,False,False,,PSLF buyback,0.0,0.0,13,nitter_browser,2026-03-23T22:41:11.222912
91f0b899b2255741,,CollegeInvestin,REPAYE is now blocked as well as SAVE PSLF Buyback borrowers check your math costs could rise under IBR,Mar 10,184,184,1,0,0,en,,False,False,False,,PSLF buyback,0.0,0.0,19,nitter_browser,2026-03-23T22:41:11.222912
74a5988ade7ee596,,rrobfarrington,The SAVE settlement bans REPAYE too and that changes the math for PSLF Buyback borrowers,Mar 10,0,117,117,0,0,en,,False,False,False,,PSLF buyback,0.0,0.0,15,nitter_browser,2026-03-23T22:41:11.222912
7f65fe0deb5dac3e,,CollegeInvestin,Everyone is talking about the death of SAVE Almost nobody mentioned REPAYE is banned too If you are a PSLF Buyback borrower that distinction costs you money,Mar 10,1,204,1,2,204,en,,False,False,False,,PSLF buyback,0.0,0.0,27,nitter_browser,2026-03-23T22:41:11.223911
31526fbdf1509b75,,StudentLoanAdv,If you are planning on PSLF buyback buckle up for a very long wait 86k applications pending 2k processed that means 43 months of waiting #medtwitter,Mar 9,682,682,4,0,0,en,,False,False,False,#medtwitter,PSLF buyback,-0.065,0.52,26,nitter_browser,2026-03-23T22:41:11.223911
d9c909216d35dbea,,getpeoplejoy,PSLF Buyback update 49k apps last spring 80k plus now 2 to 3k processed per month 1 to 2 year waits Keep making qualifying payments #StudentLoans,Mar 2,0,54,54,0,0,en,,False,False,False,#StudentLoans,PSLF buyback,0.0,0.066667,26,nitter_browser,2026-03-23T22:41:11.223911
0ab83a169d0617d0,,ChrisWinn211,Replying to @RepRussellFry Hey Congressman I have been working with your office with a Dept of Ed issue in regard to PSLF buyback since December,Mar 2,38,38,1,0,0,en,,True,False,False,,PSLF buyback,0.0,0.0,25,nitter_browser,2026-03-23T22:41:11.223911
e7e89b6802b0fb78,,RealMarkVictor,Replying to @Linda_McMahon How many more years does my wife have to wait for your department to process the buyback request for the PSLF program,Feb 24,3,51,1,51,0,en,,True,False,False,,PSLF buyback,0.5,0.5,25,nitter_browser,2026-03-23T22:41:11.223911
bf2392d55f49cf37,,EdensVineLLC_,Replying to @usedgov I am respectfully petitioning the US Department of Education to Process my PSLF Buyback Request It is over one year old,Feb 23,52,52,1,0,0,en,,True,False,False,,PSLF buyback,0.3,0.45,24,nitter_browser,2026-03-23T22:41:11.223911
3ae16421595ade22,,TheBenReport,Following up on my unresolved PSLF case 117 of 120 payments completed SAVE forbearance continues Buyback request pending since Nov 2024,Feb 23,26,26,1,0,0,en,,False,False,False,,PSLF buyback,0.0,0.1,21,nitter_browser,2026-03-23T22:41:11.225021
