year,CFPB,Reddit_JSONAPI,Reddit_ArcticShift,RC_JSONAPI,RC_ArcticShift,bias_factor,arctic_to_jsonapi_x
2014,0,35,410,,,,11.7143
2015,0,51,709,,,,13.9020
2016,341,75,1052,0.2199,3.0850,0.0713,14.0267
2017,1391,102,1227,0.0733,0.8821,0.0831,12.0294
2018,1053,121,1501,0.1149,1.4255,0.0806,12.4050
2019,1007,92,1881,0.0914,1.8679,0.0489,20.4457
2020,511,133,2353,0.2603,4.6047,0.0565,17.6917
2021,519,134,3513,0.2582,6.7688,0.0381,26.2164
2022,1278,221,12581,0.1729,9.8443,0.0176,56.9276
2023,1885,258,19165,0.1369,10.1671,0.0135,74.2829
2024,2116,423,13694,0.1999,6.4716,0.0309,32.3735
2025,2223,699,14065,0.3144,6.3270,0.0497,20.1216
