error,post_id,primary_topic,profession,pslf_sentiment,pslf_stance,raw_response,source
,hwouw,financial_planning,law,positive,considering,,LawSchool
,xe80m,general_question,general_finance,neutral,considering,,personalfinance
,swt4z,general_question,general_finance,positive,pursuing,,personalfinance
,1o0sw6,policy_uncertainty,law,negative,considering,,LawSchool
,1c72su,general_question,law,neutral,unknown,,LawSchool
,1itlnp,financial_planning,law,neutral,unknown,,LawSchool
,1fg1lw,general_question,general_finance,neutral,unknown,,financialindependence
,1cy2f6,financial_planning,medical,neutral,unknown,,medicalschool
,1cwl6q,general_question,medical,neutral,unknown,,medicalschool
,18mxwy,financial_planning,general_finance,neutral,considering,,personalfinance
,1dog38,general_question,personalfinance,neutral,considering,,personalfinance
,1g0a02,financial_planning,general_finance,positive,considering,,personalfinance
,1jtvaf,financial_planning,general_finance,neutral,considering,,personalfinance
,1ioonz,general_question,general_finance,neutral,considering,,personalfinance
,1oqmgb,general_question,social_work,positive,pursuing,,socialwork
,1zorqk,policy_uncertainty,law,negative,considering,,LawSchool
,21iuss,general_question,teaching,neutral,pursuing,,Teachers
,24n16i,success_story,teaching,very_positive,completed,,Teachers
,2610x1,general_question,teaching,neutral,pursuing,,Teachers
,2fav44,career_impact,general_finance,neutral,considering,,financialindependence
,1vtvm5,financial_planning,medical,neutral,considering,,medicalschool
,20ckm7,policy_uncertainty,medical,negative,pursuing,,medicalschool
,26c52p,financial_planning,medical,positive,pursuing,,medicalschool
,275pke,general_question,nursing,neutral,unknown,,nursing
,2m7ycd,financial_planning,general_finance,positive,pursuing,,personalfinance
,2f06lc,financial_planning,general_finance,positive,pursuing,,personalfinance
,27dztj,general_question,general_finance,positive,considering,,personalfinance
,22y0d5,financial_planning,general_finance,positive,pursuing,,personalfinance
,2cj7pi,financial_planning,general_finance,positive,considering,,personalfinance
,1u8muk,general_question,speech_language_pathology,neutral,unknown,,slp
,2593ue,financial_planning,social_work,neutral,considering,,socialwork
,38drmj,career_impact,law,neutral,considering,,LawSchool
,2zsz1l,general_question,medical,neutral,considering,,Residency
,3l3pc7,servicer_issues,teaching,neutral,unknown,,Teachers
,2unzmq,financial_planning,general_finance,neutral,unknown,,financialindependence
,3xn2p3,financial_planning,general_finance,positive,pursuing,,financialindependence
,2zm6fv,financial_planning,general_finance,neutral,unknown,,financialindependence
,3x7qxq,policy_uncertainty,medical,negative,considering,,medicalschool
,3fmxyv,financial_planning,medical,neutral,considering,,medicalschool
,3cpfer,policy_uncertainty,medical,neutral,considering,,medicalschool
,3ptnki,financial_planning,medical,positive,considering,,medicalschool
,2ykse2,financial_planning,medical,neutral,considering,,medicalschool
,3lfzxp,general_question,nursing,neutral,unknown,,nursing
,2tg3fm,general_question,nursing,neutral,unknown,,nursing
,3217yo,financial_planning,general_finance,neutral,considering,,personalfinance
,2zc04x,financial_planning,personalfinance,neutral,considering,,personalfinance
,3apyy3,general_question,general_finance,neutral,considering,,personalfinance
,3kz261,financial_planning,general_finance,neutral,considering,,personalfinance
,2z6f9u,financial_planning,general_finance,neutral,considering,,personalfinance
,30ggbk,financial_planning,pharmacy,neutral,unknown,,pharmacy
,2wpod1,general_question,speech_language_pathology,neutral,considering,,slp
,3sd6tx,general_question,speech_language_pathology,positive,considering,,slp
,3g1j9q,policy_uncertainty,social_work,neutral,unknown,,socialwork
,33obwu,financial_planning,social_work,negative,considering,,socialwork
,4oad3r,career_impact,law,neutral,considering,,LawSchool
,5gifm4,career_impact,law,positive,considering,,LawSchool
,53cy1k,financial_planning,law,neutral,considering,,LawSchool
,4cw8mm,general_question,law,neutral,considering,,LawSchool
,58rp21,career_impact,occupational_therapy,neutral,pursuing,,OccupationalTherapy
,54negk,career_impact,occupational_therapy,positive,pursuing,,OccupationalTherapy
,5cixc5,policy_uncertainty,teaching,very_negative,pursuing,,Teachers
,5jtmck,general_question,teaching,neutral,unknown,,Teachers
,4568zb,success_story,teaching,neutral,unknown,,Teachers
,54zjl1,general_question,teaching,neutral,considering,,Teachers
,5dmrp8,general_question,teaching,neutral,unknown,,Teachers
,4uwa7l,financial_planning,general_finance,positive,pursuing,,financialindependence
,4kz9bt,parse_error,,parse_error,unknown,"```json
{""pslf_sentiment"": ""positive"", ""primary_topic"": ""financial_planning"", ""pslf_stance"": ""pursuing""}
```",
,5aqsau,financial_planning,general_finance,neutral,unknown,,financialindependence
,4bd4r8,parse_error,,parse_error,unknown,"```json
{""pslf_sentiment"": ""neutral"", ""primary_topic"": ""financial_planning"", ""pslf_stance"": ""considering""}
```",
,4gf7iy,general_question,medical,neutral,unknown,,medicalschool
,4eutn5,policy_uncertainty,medical,positive,considering,,medicalschool
,5aklf5,financial_planning,medical,neutral,unknown,,medicalschool
,4repnt,general_question,nursing,neutral,unknown,,nursing
,5eu6ca,general_question,nursing,neutral,unknown,,nursing
,55f3na,financial_planning,personalfinance,neutral,considering,,personalfinance
,4azyam,financial_planning,general_finance,positive,pursuing,,personalfinance
,5irimo,financial_planning,general_finance,neutral,considering,,personalfinance
,5f28g7,financial_planning,personalfinance,positive,pursuing,,personalfinance
,5a2tpz,financial_planning,personalfinance,neutral,pursuing,,personalfinance
,466wiz,general_question,physician_assistant,neutral,considering,,physicianassistant
,4f9ahm,general_question,speech_language_pathology,neutral,considering,,slp
,4p2eja,general_question,speech_language_pathology,neutral,unknown,,slp
,4a9ibi,financial_planning,speech_language_pathology,neutral,considering,,slp
,4ox92u,general_question,social_work,negative,considering,,socialwork
,58tufl,servicer_issues,social_work,negative,pursuing,,socialwork
,7hb7u3,career_impact,law,negative,pursuing,,LawSchool
,62la7n,policy_uncertainty,law,negative,rejecting,,LawSchool
,66qwtg,financial_planning,medical,neutral,pursuing,,Residency
,79l11l,financial_planning,medical,negative,considering,,Residency
,6brjje,policy_uncertainty,general_student_loans,very_negative,unknown,,StudentLoans
,7akwvv,general_question,general_student_loans,neutral,unknown,,StudentLoans
,7hqysn,policy_uncertainty,teaching,negative,pursuing,,Teachers
,5pk241,financial_planning,teaching,neutral,unknown,,Teachers
,7hrs64,parse_error,,parse_error,unknown,"```json
{""pslf_sentiment"": ""neutral"", ""primary_topic"": ""general_question"", ""pslf_stance"": ""unknown""}
```",
,5lgd80,general_question,teaching,neutral,considering,,Teachers
,70ioy5,servicer_issues,teaching,very_negative,pursuing,,Teachers
,6tuhr2,general_question,general_finance,neutral,unknown,,financialindependence
,67ar5n,financial_planning,general_finance,positive,pursuing,,financialindependence
,7htbqz,parse_error,,parse_error,unknown,"```json
{""pslf_sentiment"": ""neutral"", ""primary_topic"": ""financial_planning"", ""pslf_stance"": ""unknown""}
```",
,6ebcce,career_impact,general_finance,negative,considering,,financialindependence
,7bvntg,financial_planning,general_finance,positive,pursuing,,financialindependence
,666w5o,financial_planning,medical,neutral,pursuing,,medicalschool
,5ybtcv,general_question,medical,neutral,considering,,medicalschool
,7n4ze7,policy_uncertainty,medical,neutral,considering,,medicalschool
,5p7zb8,policy_uncertainty,medical,neutral,considering,,medicalschool
,7jwavq,policy_uncertainty,medical,very_negative,considering,,medicalschool
,6tay6f,career_impact,nursing,positive,pursuing,,nursing
,66fba7,career_impact,nursing,positive,pursuing,,nursing
,6i3zqw,career_impact,nursing,positive,pursuing,,nursing
,67sf9t,financial_planning,general_finance,positive,considering,,personalfinance
,6a6teu,financial_planning,personalfinance,neutral,considering,,personalfinance
,6rm60d,financial_planning,personalfinance,neutral,pursuing,,personalfinance
,6fh9m1,general_question,general_finance,negative,pursuing,,personalfinance
,70hygr,servicer_issues,personalfinance,very_negative,pursuing,,personalfinance
,73xxaq,financial_planning,pharmacy,neutral,unknown,,pharmacy
,6bk5d1,general_question,pharmacy,neutral,considering,,pharmacy
,7m6bij,general_question,physician_assistant,neutral,unknown,,physicianassistant
,7j85e1,career_impact,speech_language_pathology,positive,considering,,slp
,60xajw,career_impact,speech_language_pathology,positive,pursuing,,slp
,78fur3,general_question,social_work,neutral,considering,,socialwork
,64qgy8,general_question,social_work,neutral,pursuing,,socialwork
,7hg7y7,policy_uncertainty,social_work,negative,unknown,,socialwork
,826x3t,general_question,law,neutral,pursuing,,LawSchool
,8rjh5t,policy_uncertainty,law,positive,pursuing,,LawSchool
,85xn6u,career_impact,law,neutral,considering,,LawSchool
,a8qg5f,financial_planning,law,neutral,considering,,LawSchool
,9xmpk0,policy_uncertainty,occupational_therapy,negative,considering,,OccupationalTherapy
,7rmsq8,career_impact,occupational_therapy,positive,pursuing,,OccupationalTherapy
,8idvpp,career_impact,occupational_therapy,neutral,considering,,OccupationalTherapy
,9rdjpc,general_question,medical,neutral,pursuing,,Residency
,8egde6,financial_planning,medical,positive,pursuing,,Residency
,91shs9,financial_planning,medical,neutral,unknown,,Residency
,99op1n,financial_planning,teaching,positive,pursuing,,Teachers
,8bshcr,financial_planning,teaching,positive,pursuing,,Teachers
,84ehp2,financial_planning,teaching,neutral,unknown,,Teachers
,9eprrv,career_impact,teaching,positive,pursuing,,Teachers
,94j26q,general_question,teaching,neutral,unknown,,Teachers
,8bzy57,general_question,general_finance,neutral,unknown,,financialindependence
,977n17,career_impact,general_finance,negative,rejecting,,financialindependence
,8tsdj9,financial_planning,medical,neutral,considering,,medicalschool
,7x6sf9,financial_planning,medical,positive,pursuing,,medicalschool
,9112iw,financial_planning,medical,neutral,considering,,medicalschool
,89gdpv,financial_planning,medical,neutral,unknown,,medicalschool
,8klm61,financial_planning,medical,neutral,pursuing,,medicalschool
,9glrq4,general_question,nursing,neutral,considering,,nursing
,9bbjaj,general_question,nursing,neutral,unknown,,nursing
,a753oa,financial_planning,nursing,positive,considering,,nursing
,8vz9uk,general_question,nursing,neutral,unknown,,nursing
,9csenc,financial_planning,personalfinance,positive,pursuing,,personalfinance
,7vruh9,financial_planning,personalfinance,positive,pursuing,,personalfinance
,8hgo2m,servicer_issues,general_finance,negative,unknown,,personalfinance
,90hm47,financial_planning,personalfinance,neutral,considering,,personalfinance
,88tbkt,general_question,general_finance,neutral,considering,,personalfinance
,a3eudb,career_impact,pharmacy,neutral,considering,,pharmacy
,8gso5f,career_impact,physician_assistant,neutral,unknown,,physicianassistant
,8tqhta,financial_planning,physician_assistant,neutral,unknown,,physicianassistant
,9fi6dm,general_question,speech_language_pathology,neutral,considering,,slp
,8wva5i,general_question,speech_language_pathology,neutral,considering,,slp
,9ehpnj,financial_planning,speech_language_pathology,neutral,considering,,slp
,9pailf,general_question,speech_language_pathology,neutral,unknown,,slp
,8tnyr1,general_question,social_work,neutral,unknown,,socialwork
,83nvtd,general_question,social_work,neutral,unknown,,socialwork
,aa4szq,servicer_issues,social_work,negative,pursuing,,socialwork
,9e4v7n,financial_planning,social_work,positive,pursuing,,socialwork
,b2amv6,financial_planning,law,negative,considering,,LawSchool
,dt0sym,career_impact,law,positive,pursuing,,LawSchool
,e0s3q8,career_impact,occupational_therapy,neutral,unknown,,OccupationalTherapy
,bb7aln,career_impact,occupational_therapy,positive,considering,,OccupationalTherapy
,bonwob,career_impact,medical,neutral,considering,,Residency
,eh50i7,general_question,medical,neutral,considering,,Residency
,ax9ads,financial_planning,medical,neutral,considering,,Residency
,altez3,general_question,medical,neutral,pursuing,,Residency
,cme1ls,parse_error,,parse_error,unknown,"```json
{""pslf_sentiment"": ""negative"", ""primary_topic"": ""career_impact"", ""pslf_stance"": ""pursuing""}
```",
,d316ui,general_question,nursing,neutral,unknown,,StudentNurse
,efnmim,servicer_issues,teaching,negative,pursuing,,Teachers
,bbhrdt,general_question,teaching,neutral,unknown,,Teachers
,eg1dri,success_story,teaching,very_positive,completed,,Teachers
,ai1et5,general_question,teaching,neutral,unknown,,Teachers
,cjxp4r,career_impact,teaching,positive,pursuing,,Teachers
,c4ppcl,general_question,general_finance,neutral,unknown,,financialindependence
,byzp9h,financial_planning,federal_employee,positive,pursuing,,govfire
,bgwmm1,financial_planning,medical,neutral,considering,,medicalschool
,bm6sih,financial_planning,medical,neutral,pursuing,,medicalschool
,chqko3,financial_planning,medical,negative,rejecting,,medicalschool
,bgkse1,financial_planning,medical,neutral,pursuing,,medicalschool
,bc2f7c,financial_planning,medical,neutral,considering,,medicalschool
,cwilmf,general_question,nursing,neutral,considering,,nursepractitioner
,d7ixwo,general_question,nursing,neutral,unknown,,nursepractitioner
,dct7q0,career_impact,nursing,positive,considering,,nursing
,b7ow6h,general_question,nursing,neutral,unknown,,nursing
,ankdem,general_question,nursing,neutral,unknown,,nursing
,bmmjro,financial_planning,personalfinance,positive,pursuing,,personalfinance
,bvzbq6,financial_planning,personalfinance,neutral,considering,,personalfinance
,bcx9kr,financial_planning,personalfinance,negative,considering,,personalfinance
,dytzew,financial_planning,personalfinance,positive,pursuing,,personalfinance
,abmb4h,general_question,general_finance,neutral,pursuing,,personalfinance
,co4kcq,servicer_issues,pharmacy,negative,considering,,pharmacy
,dosumt,general_question,pharmacy,neutral,unknown,,pharmacy
,ck7m6t,general_question,pharmacy,neutral,unknown,,pharmacy
,cc1n3f,financial_planning,pharmacy,neutral,unknown,,pharmacy
,au7hgk,financial_planning,pharmacy,neutral,unknown,,pharmacy
,cyg70k,general_question,physician_assistant,neutral,unknown,,physicianassistant
,d5bh1s,career_impact,physician_assistant,neutral,considering,,physicianassistant
,c47o8u,general_question,physician_assistant,neutral,considering,,physicianassistant
,d1u3j5,financial_planning,physician_assistant,neutral,unknown,,physicianassistant
,braare,general_question,speech_language_pathology,neutral,considering,,slp
,egtqxp,policy_uncertainty,social_work,negative,considering,,socialwork
,ajo1az,financial_planning,social_work,neutral,considering,,socialwork
,cc1gfk,general_question,social_work,neutral,unknown,,socialwork
,hk31tk,general_question,law,neutral,unknown,,LawSchool
,heia7m,policy_uncertainty,law,neutral,unknown,,LawSchool
,fp5b5w,financial_planning,law,neutral,considering,,LawSchool
,hum9n5,parse_error,,parse_error,unknown,"```json
{""pslf_sentiment"": ""neutral"", ""primary_topic"": ""general_question"", ""pslf_stance"": ""unknown""}
```",
,hxclbw,general_question,law,neutral,considering,,LawSchool
,j25h0l,career_impact,occupational_therapy,negative,pursuing,,OccupationalTherapy
,f9lzuz,general_question,occupational_therapy,neutral,unknown,,OccupationalTherapy
,gh9gk5,financial_planning,medical,negative,considering,,Residency
,fttuy9,policy_uncertainty,medical,positive,pursuing,,Residency
,fkxjx2,policy_uncertainty,medical,negative,pursuing,,Residency
,geh5lk,policy_uncertainty,medical,negative,considering,,Residency
,ewqovr,general_question,medical,neutral,unknown,,Residency
,jfcjmz,success_story,general_student_loans,very_positive,completed,,StudentLoans
,ie4pb8,policy_uncertainty,general_student_loans,positive,pursuing,,StudentLoans
,f21bgm,policy_uncertainty,general_student_loans,very_negative,unknown,,StudentLoans
,j8j54x,general_question,nursing,neutral,unknown,,StudentNurse
,j8nzox,general_question,nursing,neutral,unknown,,StudentNurse
,fwsbl8,financial_planning,nursing,neutral,considering,,StudentNurse
,gom68t,general_question,nursing,neutral,unknown,,StudentNurse
,ht5y6q,general_question,teaching,neutral,considering,,Teachers
,haqn71,general_question,teaching,neutral,unknown,,Teachers
,homzkp,success_story,teaching,neutral,unknown,,Teachers
,evz6z9,general_question,teaching,neutral,considering,,Teachers
,hqopwy,general_question,teaching,neutral,considering,,Teachers
,hk11lz,servicer_issues,federal_employee,neutral,unknown,,fednews
,jgg11b,financial_planning,federal_employee,positive,pursuing,,fednews
,k8it0c,parse_error,,parse_error,unknown,"```json
{""pslf_sentiment"": ""neutral"", ""primary_topic"": ""general_question"", ""pslf_stance"": ""unknown""}
```",
,jvvmn3,financial_planning,federal_employee,positive,pursuing,,govfire
,f0br6j,financial_planning,federal_employee,neutral,unknown,,govfire
,hpos9q,financial_planning,federal_employee,positive,pursuing,,govfire
,idpq4s,general_question,medical,neutral,considering,,medicalschool
,gen150,financial_planning,medical,neutral,considering,,medicalschool
,fpn3sc,general_question,medical,neutral,considering,,medicalschool
,fqzxhp,financial_planning,medical,neutral,considering,,medicalschool
,g0zgko,financial_planning,medical,neutral,rejecting,,medicalschool
,g3p6ov,general_question,nursing,neutral,considering,,nursepractitioner
,fwsb39,financial_planning,nursing,neutral,considering,,nursepractitioner
,jgoppu,general_question,nursing,neutral,considering,,nursing
,k29zgw,financial_planning,nursing,very_negative,rejecting,,nursing
,ekf6ae,financial_planning,personalfinance,negative,pursuing,,personalfinance
,gkgypj,parse_error,,parse_error,unknown,"```json
{""pslf_sentiment"": ""neutral"", ""primary_topic"": ""general_question"", ""pslf_stance"": ""unknown""}
```",
,ipvh44,general_question,personalfinance,neutral,considering,,personalfinance
,j1fxw4,financial_planning,personalfinance,positive,pursuing,,personalfinance
,f7dsvf,general_question,general_finance,neutral,pursuing,,personalfinance
,k3m1iw,financial_planning,pharmacy,neutral,unknown,,pharmacy
,j1knjt,financial_planning,pharmacy,neutral,unknown,,pharmacy
,irx7kt,financial_planning,pharmacy,neutral,considering,,pharmacy
,kg9mye,financial_planning,pharmacy,neutral,unknown,,pharmacy
,k504gf,general_question,physician_assistant,neutral,pursuing,,physicianassistant
,iyl0oa,financial_planning,physician_assistant,positive,pursuing,,physicianassistant
,gwx18r,career_impact,physician_assistant,neutral,unknown,,physicianassistant
,il7v2u,general_question,physician_assistant,negative,considering,,physicianassistant
,is2hqx,career_impact,physician_assistant,neutral,considering,,physicianassistant
,fatkmg,career_impact,speech_language_pathology,neutral,pursuing,,slp
,fvi9dy,financial_planning,speech_language_pathology,neutral,unknown,,slp
,iuvq1i,career_impact,speech_language_pathology,neutral,considering,,slp
,ielhfb,career_impact,speech_language_pathology,positive,pursuing,,slp
,hux7fp,general_question,speech_language_pathology,neutral,unknown,,slp
,iibn79,general_question,social_work,negative,unknown,,socialwork
,ezvxrn,general_question,social_work,neutral,unknown,,socialwork
,fujcvi,general_question,social_work,neutral,unknown,,socialwork
,hf2vhe,career_impact,social_work,neutral,rejecting,,socialwork
,ikouiw,general_question,social_work,neutral,considering,,socialwork
,lkhwpb,general_question,law,neutral,unknown,,LawSchool
,qne6n4,policy_uncertainty,law,neutral,unknown,,LawSchool
,owq3l2,career_impact,law,negative,considering,,LawSchool
,mha043,financial_planning,law,neutral,unknown,,LawSchool
,qhwfux,success_story,law,very_positive,completed,,LawSchool
,p3qiex,general_question,occupational_therapy,neutral,considering,,OccupationalTherapy
,l1vvu0,general_question,occupational_therapy,positive,considering,,OccupationalTherapy
,q28msw,policy_uncertainty,general_pslf,positive,unknown,,PSLF
,rc90d3,general_question,general_pslf,neutral,unknown,,PSLF
,q6kwst,general_question,general_pslf,neutral,unknown,,PSLF
,qrwefk,servicer_issues,medical,negative,pursuing,,Residency
,l3q0my,policy_uncertainty,medical,negative,considering,,Residency
,qvgtyz,financial_planning,medical,neutral,considering,,Residency
,n4wkit,general_question,medical,neutral,considering,,Residency
,q4e9qi,policy_uncertainty,medical,neutral,unknown,,Residency
,lpgbyh,policy_uncertainty,general_student_loans,neutral,unknown,,StudentLoans
,njxuox,policy_uncertainty,general_student_loans,neutral,unknown,,StudentLoans
,rnp8x7,career_impact,teaching,positive,pursuing,,Teachers
,krc5d7,general_question,teaching,neutral,considering,,Teachers
,q73q4l,general_question,teaching,neutral,unknown,,Teachers
,q7sas1,career_impact,teaching,positive,pursuing,,Teachers
,kw9jbv,career_impact,teaching,positive,considering,,Teachers
,ri3evo,servicer_issues,federal_employee,negative,pursuing,,fednews
,qvhcs4,general_question,federal_employee,neutral,pursuing,,fednews
,nxmz1v,career_impact,federal_employee,neutral,considering,,fednews
,qshb6y,success_story,federal_employee,very_positive,completed,,fednews
,o7y4o1,financial_planning,federal_employee,neutral,pursuing,,fednews
,pyygs4,financial_planning,federal_employee,positive,pursuing,,govfire
,png05f,financial_planning,federal_employee,neutral,considering,,govfire
,lmq75j,career_impact,federal_employee,neutral,pursuing,,govfire
,lozemu,career_impact,federal_employee,positive,considering,,govfire
,pwxs1l,career_impact,medical,very_positive,pursuing,,medicalschool
,qcv1pc,general_question,medical,neutral,unknown,,medicalschool
,oab5bl,financial_planning,medical,neutral,considering,,medicalschool
,r66akq,financial_planning,medical,neutral,unknown,,medicalschool
,nhd1io,general_question,medical,neutral,unknown,,medicalschool
,oa8oy1,general_question,nursing,neutral,unknown,,nursepractitioner
,m1m1l0,general_question,nursing,neutral,unknown,,nursepractitioner
,qw5cvp,general_question,nursing,neutral,unknown,,nursing
,rjze7b,general_question,nursing,neutral,unknown,,nursing
,qt1yol,career_impact,nursing,neutral,considering,,nursing
,ot8wva,general_question,nursing,neutral,unknown,,nursing
,rmq375,career_impact,nursing,neutral,unknown,,nursing
,roek5x,career_impact,personalfinance,neutral,considering,,personalfinance
,lx4rgp,financial_planning,personalfinance,positive,pursuing,,personalfinance
,psu5nj,financial_planning,general_finance,neutral,considering,,personalfinance
,mrgshz,financial_planning,personalfinance,neutral,pursuing,,personalfinance
,r4yy9p,financial_planning,personalfinance,positive,pursuing,,personalfinance
,oz3j1j,general_question,pharmacy,neutral,considering,,pharmacy
,qiowzt,financial_planning,pharmacy,neutral,unknown,,pharmacy
,r6ltt6,general_question,pharmacy,neutral,pursuing,,pharmacy
,r69yy7,financial_planning,pharmacy,neutral,unknown,,pharmacy
,pqfnf2,general_question,physician_assistant,neutral,unknown,,physicianassistant
,o0tel9,career_impact,physician_assistant,neutral,unknown,,physicianassistant
,nhdcx9,general_question,physician_assistant,neutral,unknown,,physicianassistant
,qqx4f2,financial_planning,physician_assistant,positive,considering,,physicianassistant
,p3wxv6,general_question,physician_assistant,neutral,unknown,,physicianassistant
,o618gq,financial_planning,speech_language_pathology,positive,pursuing,,slp
,rcpt85,career_impact,speech_language_pathology,neutral,considering,,slp
,p9pbrz,career_impact,speech_language_pathology,neutral,considering,,slp
,kwn512,general_question,speech_language_pathology,neutral,considering,,slp
,kpohsv,general_question,speech_language_pathology,neutral,considering,,slp
,pn7goj,policy_uncertainty,social_work,negative,pursuing,,socialwork
,rgybae,general_question,social_work,neutral,unknown,,socialwork
,otmwk7,career_impact,social_work,positive,pursuing,,socialwork
,qrytwr,success_story,social_work,very_positive,completed,,socialwork
,olng6m,career_impact,social_work,neutral,considering,,socialwork
,w3ziax,financial_planning,law,negative,rejecting,,LawSchool
,wxk3hw,policy_uncertainty,law,neutral,considering,,LawSchool
,wwrwj3,policy_uncertainty,law,neutral,pursuing,,LawSchool
,u1ywov,career_impact,occupational_therapy,positive,pursuing,,OccupationalTherapy
,t2vixw,career_impact,occupational_therapy,neutral,pursuing,,OccupationalTherapy
,tmt42b,career_impact,occupational_therapy,positive,considering,,OccupationalTherapy
,vnpiis,parse_error,,parse_error,unknown,"```json
{""pslf_sentiment"": ""negative"", ""primary_topic"": ""frustration_venting"", ""pslf_stance"": ""rejecting""}
```",
,w1iei6,career_impact,occupational_therapy,neutral,considering,,OccupationalTherapy
,xwfjxr,general_question,general_pslf,positive,unknown,,PSLF
,wvxbaq,policy_uncertainty,general_pslf,positive,pursuing,,PSLF
,v2lk2c,policy_uncertainty,general_pslf,positive,pursuing,,PSLF
,ydakfl,general_question,general_pslf,neutral,unknown,,PSLF
,y88vhc,general_question,general_pslf,positive,unknown,,PSLF
"Error code: 429 - {'type': 'error', 'error': {'type': 'rate_limit_error', 'message': ""This request would exceed your organization's rate limit of 50 requests per minute (org: 7661350d-ac25-463f-9e73-7",uzasxh,api_error,,api_error,unknown,,
,xeip33,financial_planning,medical,neutral,considering,,Residency
,shwe8u,general_question,medical,neutral,unknown,,Residency
,t3jmdy,general_question,medical,neutral,rejecting,,Residency
,wgy1zs,financial_planning,medical,positive,pursuing,,Residency
,w3c2qv,policy_uncertainty,general_student_loans,neutral,unknown,,StudentLoans
,wwhr85,policy_uncertainty,general_student_loans,neutral,unknown,,StudentLoans
,sebgjo,success_story,general_student_loans,very_positive,completed,,StudentLoans
,t94ms2,policy_uncertainty,general_student_loans,negative,unknown,,StudentLoans
,vsxs1f,policy_uncertainty,general_student_loans,neutral,unknown,,StudentLoans
,z6f5xy,financial_planning,nursing,neutral,considering,,StudentNurse
,tqd3zy,financial_planning,nursing,neutral,considering,,StudentNurse
,xpoi14,general_question,nursing,neutral,unknown,,StudentNurse
,wugglx,career_impact,teaching,neutral,pursuing,,Teachers
,ruoo69,career_impact,teaching,neutral,pursuing,,Teachers
,wipyfm,financial_planning,teaching,neutral,considering,,Teachers
,sxreuf,general_question,teaching,neutral,considering,,Teachers
,uffr7q,servicer_issues,teaching,negative,pursuing,,Teachers
,wcaybd,general_question,federal_employee,neutral,considering,,fednews
,u1vkjr,general_question,federal_employee,neutral,pursuing,,fednews
,vzndpa,career_impact,federal_employee,positive,pursuing,,fednews
,wwt3x7,policy_uncertainty,federal_employee,negative,pursuing,,fednews
,tb025c,parse_error,,parse_error,unknown,"```json
{""pslf_sentiment"": ""neutral"", ""primary_topic"": ""career_impact"", ""pslf_stance"": ""pursuing""}
```",
,wq5gij,financial_planning,federal_employee,neutral,considering,,govfire
,u3pcmn,general_question,medical,neutral,considering,,medicalschool
,sdjhez,general_question,medical,neutral,considering,,medicalschool
,zsdzf7,general_question,medical,positive,pursuing,,medicalschool
,u2788e,career_impact,medical,neutral,considering,,medicalschool
,t3l1vd,general_question,medical,positive,considering,,medicalschool
,zu37hv,financial_planning,nursing,neutral,considering,,nursepractitioner
,sw0y8y,financial_planning,nursing,neutral,unknown,,nursepractitioner
,wxh90b,career_impact,nursing,positive,pursuing,,nursepractitioner
,xs0ifv,general_question,nursing,neutral,unknown,,nursepractitioner
,z6f7wb,financial_planning,nursing,neutral,considering,,nursing
,wv6pkd,career_impact,nursing,neutral,pursuing,,nursing
,xirsc8,general_question,nursing,neutral,considering,,nursing
,w03fob,general_question,nursing,neutral,considering,,nursing
,ve1izl,general_question,nursing,neutral,unknown,,nursing
,sok20p,general_question,personalfinance,neutral,pursuing,,personalfinance
,wufbkj,financial_planning,personalfinance,positive,considering,,personalfinance
,wxme1a,general_question,general_finance,neutral,unknown,,personalfinance
,smuz3c,financial_planning,personalfinance,positive,pursuing,,personalfinance
,vzpnft,financial_planning,personalfinance,neutral,considering,,personalfinance
,xcx3o2,financial_planning,pharmacy,positive,considering,,pharmacy
,tso2lu,financial_planning,pharmacy,negative,unknown,,pharmacy
,voqo1a,general_question,pharmacy,positive,pursuing,,pharmacy
,w5swc5,policy_uncertainty,pharmacy,very_negative,rejecting,,pharmacy
,xknbse,general_question,pharmacy,positive,pursuing,,pharmacy
,yfdf9e,career_impact,physician_assistant,neutral,pursuing,,physicianassistant
,wq5hrw,career_impact,physician_assistant,neutral,considering,,physicianassistant
,vcyt34,financial_planning,physician_assistant,neutral,pursuing,,physicianassistant
,yfbuzp,general_question,physician_assistant,neutral,considering,,physicianassistant
,sjqyk6,general_question,physician_assistant,neutral,unknown,,physicianassistant
,sj7i8s,general_question,speech_language_pathology,neutral,unknown,,slp
,s6m52r,financial_planning,speech_language_pathology,negative,rejecting,,slp
,wzwx1q,financial_planning,speech_language_pathology,neutral,pursuing,,slp
,wbo1ob,career_impact,speech_language_pathology,positive,considering,,slp
,wxibd7,general_question,speech_language_pathology,neutral,unknown,,slp
,sgjm7n,general_question,social_work,neutral,unknown,,socialwork
,xn2jrw,career_impact,social_work,neutral,pursuing,,socialwork
,vekdz5,career_impact,social_work,negative,pursuing,,socialwork
,sdhalz,general_question,social_work,neutral,pursuing,,socialwork
,wh4rsd,career_impact,social_work,neutral,pursuing,,socialwork
,18tvyfs,financial_planning,law,neutral,unknown,,LawSchool
,14n4mq1,policy_uncertainty,law,neutral,unknown,,LawSchool
,14o3con,policy_uncertainty,law,neutral,unknown,,LawSchool
,12x0omc,career_impact,law,positive,considering,,LawSchool
,175dt7f,financial_planning,law,neutral,unknown,,LawSchool
,17puyyq,career_impact,occupational_therapy,positive,pursuing,,OccupationalTherapy
,1500qtc,career_impact,occupational_therapy,neutral,considering,,OccupationalTherapy
,13m2yuk,general_question,occupational_therapy,neutral,considering,,OccupationalTherapy
,11v9gbc,general_question,occupational_therapy,neutral,unknown,,OccupationalTherapy
,189y0lj,career_impact,occupational_therapy,neutral,pursuing,,OccupationalTherapy
,16txdhf,general_question,general_pslf,positive,pursuing,,PSLF
,14rtgn0,policy_uncertainty,general_pslf,positive,pursuing,,PSLF
,16mriv5,policy_uncertainty,general_pslf,positive,considering,,PSLF
,18bgdsg,policy_uncertainty,general_pslf,neutral,unknown,,PSLF
,17xppof,policy_uncertainty,general_pslf,positive,unknown,,PSLF
,18ut7ke,servicer_issues,medical,neutral,unknown,,Residency
,14bsjc0,servicer_issues,medical,negative,pursuing,,Residency
,1498ubw,financial_planning,medical,neutral,rejecting,,Residency
,13w8ky4,financial_planning,medical,neutral,unknown,,Residency
,10j52qz,financial_planning,medical,neutral,pursuing,,Residency
,14o2plh,financial_planning,general_student_loans,neutral,unknown,,StudentLoans
,15i3rtd,financial_planning,general_student_loans,neutral,pursuing,,StudentLoans
,14n280k,policy_uncertainty,general_student_loans,neutral,unknown,,StudentLoans
,14nyrjd,policy_uncertainty,general_student_loans,neutral,unknown,,StudentLoans
,13pqjk7,policy_uncertainty,general_student_loans,negative,considering,,StudentLoans
,13664cs,general_question,nursing,neutral,unknown,,StudentNurse
,15c25gp,general_question,nursing,neutral,unknown,,StudentNurse
,12xpcmk,general_question,nursing,neutral,unknown,,StudentNurse
,10kh43u,financial_planning,nursing,neutral,considering,,StudentNurse
,113g4vu,career_impact,nursing,neutral,unknown,,StudentNurse
,1748lk8,general_question,teaching,neutral,unknown,,Teachers
,15z56qd,general_question,teaching,neutral,unknown,,Teachers
,14u8p22,general_question,teaching,neutral,unknown,,Teachers
,12cmskq,success_story,teaching,positive,completed,,Teachers
,14n5rsi,career_impact,teaching,neutral,considering,,Teachers
,10errwl,financial_planning,federal_employee,neutral,pursuing,,fednews
,10a4ewe,success_story,federal_employee,positive,completed,,fednews
,187zfjo,servicer_issues,federal_employee,negative,pursuing,,fednews
,14zr0xz,financial_planning,federal_employee,neutral,considering,,fednews
,166bgdq,general_question,federal_employee,neutral,unknown,,fednews
,14ysbyp,financial_planning,general_finance,neutral,considering,,financialindependence
,155vplx,financial_planning,general_finance,negative,considering,,financialindependence
,18p7899,financial_planning,general_finance,neutral,unknown,,financialindependence
,180xlla,parse_error,,parse_error,unknown,"```json
{""pslf_sentiment"": ""negative"", ""primary_topic"": ""financial_planning"", ""pslf_stance"": ""pursuing""}
```",
,102at7e,financial_planning,general_finance,neutral,pursuing,,financialindependence
,18gx1fh,career_impact,medical,positive,considering,,medicalschool
,1857z2z,general_question,medical,neutral,considering,,medicalschool
,11qcyr1,financial_planning,medical,neutral,unknown,,medicalschool
,14n2cob,policy_uncertainty,medical,neutral,unknown,,medicalschool
,12bz6az,financial_planning,medical,positive,pursuing,,medicalschool
,15pgerf,career_impact,nursing,positive,pursuing,,nursepractitioner
,15uksmj,general_question,nursing,neutral,unknown,,nursepractitioner
,16g2efw,career_impact,nursing,positive,pursuing,,nursepractitioner
,17vhb8d,financial_planning,nursing,neutral,unknown,,nursepractitioner
,10kgjp1,financial_planning,nursing,neutral,considering,,nursing
,15jk6j9,general_question,personalfinance,neutral,considering,,personalfinance
,16kl03k,parse_error,,parse_error,unknown,"```json
{""pslf_sentiment"": ""positive"", ""primary_topic"": ""success_story"", ""pslf_stance"": ""completed""}
```",
,18fjaqk,financial_planning,general_finance,neutral,pursuing,,personalfinance
,11r90bs,financial_planning,personalfinance,negative,considering,,personalfinance
,13m2z8b,success_story,personalfinance,very_positive,completed,,personalfinance
,14l1s34,career_impact,pharmacy,neutral,considering,,pharmacy
,14tiudo,career_impact,pharmacy,neutral,pursuing,,pharmacy
,11yxfok,general_question,pharmacy,neutral,considering,,pharmacy
,15bsuh4,career_impact,pharmacy,positive,pursuing,,pharmacy
,164mbnc,financial_planning,pharmacy,neutral,unknown,,pharmacy
,117uonk,career_impact,physician_assistant,positive,pursuing,,physicianassistant
,10y472r,general_question,physician_assistant,neutral,unknown,,physicianassistant
,14rn858,career_impact,physician_assistant,positive,considering,,physicianassistant
,1877dz7,career_impact,physician_assistant,positive,pursuing,,physicianassistant
,17lmjlz,general_question,physician_assistant,neutral,unknown,,physicianassistant
,11j6yb8,career_impact,speech_language_pathology,negative,rejecting,,slp
,10psifc,career_impact,speech_language_pathology,neutral,pursuing,,slp
,101og9q,career_impact,speech_language_pathology,neutral,considering,,slp
,137xnlp,general_question,speech_language_pathology,neutral,unknown,,slp
,11n2pc0,general_question,speech_language_pathology,neutral,considering,,slp
,18d19xk,parse_error,,parse_error,unknown,"```json
{""pslf_sentiment"": ""neutral"", ""primary_topic"": ""career_impact"", ""pslf_stance"": ""considering""}
```",
,16irxyx,financial_planning,social_work,neutral,considering,,socialwork
,18d1at9,career_impact,social_work,neutral,considering,,socialwork
,15szcxi,general_question,social_work,neutral,unknown,,socialwork
,16arpp1,financial_planning,social_work,very_positive,pursuing,,socialwork
,1encg64,career_impact,law,neutral,pursuing,,LawSchool
,1dha3ki,career_impact,law,positive,pursuing,,LawSchool
,1dukpyq,general_question,law,neutral,considering,,LawSchool
,1bi3w5e,career_impact,law,positive,pursuing,,LawSchool
,1bqu9xz,financial_planning,law,neutral,unknown,,LawSchool
,1gatdqc,career_impact,occupational_therapy,positive,pursuing,,OccupationalTherapy
,1g65oz8,financial_planning,occupational_therapy,neutral,rejecting,,OccupationalTherapy
,1ebw5zj,general_question,occupational_therapy,neutral,considering,,OccupationalTherapy
,1c2sb2p,parse_error,,parse_error,unknown,"```json
{""pslf_sentiment"": ""neutral"", ""primary_topic"": ""career_impact"", ""pslf_stance"": ""considering""}
```",
,1cgulfl,career_impact,occupational_therapy,neutral,considering,,OccupationalTherapy
,1cul1sj,policy_uncertainty,general_pslf,very_positive,pursuing,,PSLF
,1bv68g9,general_question,general_pslf,neutral,pursuing,,PSLF
,1futcug,policy_uncertainty,general_pslf,negative,pursuing,,PSLF
,1hm1sq6,success_story,general_pslf,very_positive,completed,,PSLF
,1gktt1v,policy_uncertainty,general_pslf,negative,unknown,,PSLF
,1aeuksh,financial_planning,medical,neutral,rejecting,,Residency
,1dyn1k4,servicer_issues,medical,negative,pursuing,,Residency
,1hkb6yb,servicer_issues,medical,neutral,unknown,,Residency
,1gl153v,policy_uncertainty,medical,negative,considering,,Residency
,1ar14hp,financial_planning,medical,neutral,pursuing,,Residency
,1e6r9km,policy_uncertainty,general_student_loans,neutral,unknown,,StudentLoans
,1diwil4,general_question,general_student_loans,neutral,considering,,StudentLoans
,199f1ky,success_story,general_student_loans,very_positive,completed,,StudentLoans
,1c4wc8l,general_question,general_student_loans,neutral,unknown,,StudentLoans
,1h8digf,policy_uncertainty,general_student_loans,negative,pursuing,,StudentLoans
,1dxvbw6,general_question,nursing,neutral,unknown,,StudentNurse
,1bqneig,general_question,nursing,neutral,unknown,,StudentNurse
,1f89bqp,general_question,nursing,neutral,unknown,,StudentNurse
,1d8ffqe,general_question,nursing,neutral,unknown,,StudentNurse
,1e852kw,general_question,nursing,neutral,unknown,,StudentNurse
,1el6l3c,general_question,teaching,neutral,unknown,,Teachers
,1blijpn,financial_planning,teaching,neutral,unknown,,Teachers
,1cd9pdj,career_impact,teaching,positive,pursuing,,Teachers
,1e9a823,general_question,teaching,neutral,unknown,,Teachers
,1bp73sl,policy_uncertainty,teaching,neutral,pursuing,,Teachers
,1g0kkom,general_question,federal_employee,neutral,considering,,fednews
,1aufvte,general_question,federal_employee,neutral,unknown,,fednews
,1c6ic3f,general_question,federal_employee,positive,completed,,fednews
,1e0zxg6,general_question,federal_employee,neutral,unknown,,fednews
,1c3f5vu,general_question,federal_employee,neutral,pursuing,,fednews
,1dq7n80,policy_uncertainty,general_finance,negative,pursuing,,financialindependence
,191x558,general_question,general_finance,neutral,unknown,,financialindependence
,1aoqc2u,financial_planning,general_finance,neutral,unknown,,financialindependence
,1fd1w9i,financial_planning,federal_employee,neutral,pursuing,,govfire
,1gzqzi7,financial_planning,federal_employee,positive,pursuing,,govfire
,1gntvir,general_question,medical,neutral,considering,,medicalschool
,1f9ri1n,financial_planning,medical,neutral,considering,,medicalschool
,1gkwgfa,policy_uncertainty,medical,positive,pursuing,,medicalschool
,1asebmm,general_question,medical,neutral,considering,,medicalschool
,1d9fgrp,general_question,medical,neutral,considering,,medicalschool
,1fbxgsk,career_impact,nursing,neutral,pursuing,,nursepractitioner
,1e12d27,general_question,nursing,neutral,unknown,,nursepractitioner
,1bizjoh,general_question,nursing,neutral,unknown,,nursepractitioner
,1b6ho83,career_impact,nursing,positive,pursuing,,nursing
,1g0nbs9,career_impact,nursing,neutral,considering,,nursing
,1f1y4pr,career_impact,nursing,neutral,considering,,nursing
,1gi3u8e,career_impact,nursing,neutral,unknown,,nursing
,1gl8qz3,policy_uncertainty,nursing,neutral,considering,,nursing
,1bb49dn,financial_planning,personalfinance,neutral,pursuing,,personalfinance
,1dle2e3,financial_planning,personalfinance,positive,pursuing,,personalfinance
,1crzif9,financial_planning,personalfinance,neutral,pursuing,,personalfinance
,1cqfbxw,financial_planning,personalfinance,neutral,pursuing,,personalfinance
,1e8d5ts,parse_error,,parse_error,unknown,"```json
{""pslf_sentiment"": ""negative"", ""primary_topic"": ""financial_planning"", ""pslf_stance"": ""rejecting""}
```",
,1hddda7,servicer_issues,pharmacy,negative,pursuing,,pharmacy
,1g7hr7j,general_question,pharmacy,neutral,considering,,pharmacy
,1gpmbj2,policy_uncertainty,pharmacy,negative,considering,,pharmacy
,1cra2ze,career_impact,pharmacy,neutral,considering,,pharmacy
,1dtobo2,career_impact,pharmacy,positive,considering,,pharmacy
,1agpiqj,parse_error,,parse_error,unknown,"```json
{""pslf_sentiment"": ""neutral"", ""primary_topic"": ""financial_planning"", ""pslf_stance"": ""pursuing""}
```",
,1bjyry2,general_question,physician_assistant,neutral,unknown,,physicianassistant
,1anp4hx,career_impact,physician_assistant,neutral,considering,,physicianassistant
,1hbj9cd,general_question,physician_assistant,neutral,unknown,,physicianassistant
,1gddrs5,financial_planning,physician_assistant,neutral,unknown,,physicianassistant
,1gk5xc4,general_question,speech_language_pathology,neutral,unknown,,slp
,1c0bnlf,career_impact,speech_language_pathology,positive,pursuing,,slp
,1atxf6x,financial_planning,speech_language_pathology,neutral,considering,,slp
,1ezq2eq,career_impact,speech_language_pathology,neutral,pursuing,,slp
,1cmm94f,career_impact,speech_language_pathology,neutral,unknown,,slp
,1haovd7,success_story,social_work,positive,completed,,socialwork
,1dfvpst,general_question,social_work,neutral,unknown,,socialwork
,1gz5vpq,general_question,social_work,neutral,unknown,,socialwork
,1cjfhh1,career_impact,social_work,neutral,considering,,socialwork
,1c2jckx,financial_planning,social_work,neutral,pursuing,,socialwork
,1luua0t,career_impact,law,positive,pursuing,,LawSchool
,1p0h2nw,career_impact,law,positive,pursuing,,LawSchool
,1jgp0ml,policy_uncertainty,law,negative,unknown,,LawSchool
,1j8hzb3,policy_uncertainty,law,negative,considering,,LawSchool
,1i7f924,financial_planning,law,positive,considering,,LawSchool
,1mb9wr7,financial_planning,occupational_therapy,neutral,considering,,OccupationalTherapy
,1j4as8b,policy_uncertainty,occupational_therapy,negative,considering,,OccupationalTherapy
,1hwd81x,career_impact,occupational_therapy,positive,considering,,OccupationalTherapy
,1li77e4,financial_planning,occupational_therapy,negative,considering,,OccupationalTherapy
,1mtdy4v,career_impact,occupational_therapy,positive,pursuing,,OccupationalTherapy
,1mc9z31,servicer_issues,general_pslf,negative,pursuing,,PSLF
,1okdd3t,servicer_issues,general_pslf,positive,pursuing,,PSLF
,1ohigdz,parse_error,,parse_error,unknown,"```json
{""pslf_sentiment"": ""very_positive"", ""primary_topic"": ""success_story"", ""pslf_stance"": ""pursuing""}
```",
,1px5dbt,success_story,general_pslf,very_positive,completed,,PSLF
,1izolw4,policy_uncertainty,general_pslf,negative,pursuing,,PSLF
,1pcqy65,financial_planning,medical,neutral,unknown,,Residency
,1o0yx37,financial_planning,medical,neutral,pursuing,,Residency
,1ps0hbb,parse_error,,parse_error,unknown,"```json
{""pslf_sentiment"": ""positive"", ""primary_topic"": ""financial_planning"", ""pslf_stance"": ""pursuing""}
```",
,1ogxahy,financial_planning,medical,negative,considering,,Residency
,1o84qxc,financial_planning,medical,neutral,pursuing,,Residency
,1p2oevd,financial_planning,general_student_loans,positive,pursuing,,StudentLoans
,1ogsgfj,servicer_issues,general_student_loans,very_negative,pursuing,,StudentLoans
,1jtpwqr,policy_uncertainty,general_student_loans,negative,pursuing,,StudentLoans
,1pjc4ex,general_question,general_student_loans,neutral,pursuing,,StudentLoans
,1l8eyel,financial_planning,general_student_loans,neutral,pursuing,,StudentLoans
,1lquina,general_question,nursing,neutral,unknown,,StudentNurse
,1i9u0wl,general_question,nursing,neutral,unknown,,StudentNurse
,1m9isi5,general_question,nursing,neutral,unknown,,StudentNurse
,1mnpbzr,general_question,nursing,neutral,unknown,,StudentNurse
,1m2m4m1,policy_uncertainty,teaching,very_negative,pursuing,,Teachers
,1p2js42,general_question,teaching,neutral,unknown,,Teachers
,1ih2vqe,success_story,teaching,very_positive,completed,,Teachers
,1lzz3uz,policy_uncertainty,teaching,negative,pursuing,,Teachers
,1m1hao9,general_question,teaching,neutral,pursuing,,Teachers
,1jez9hh,general_question,federal_employee,neutral,pursuing,,fednews
,1mryhi9,servicer_issues,federal_employee,negative,pursuing,,fednews
,1jwwwpv,policy_uncertainty,federal_employee,positive,pursuing,,fednews
,1il1b4k,servicer_issues,federal_employee,negative,pursuing,,fednews
,1lw0lpi,general_question,federal_employee,neutral,considering,,fednews
,1hrwzm2,financial_planning,general_finance,neutral,considering,,financialindependence
,1i6riop,financial_planning,general_finance,positive,pursuing,,financialindependence
,1n2cn8g,career_impact,general_finance,neutral,completed,,financialindependence
,1jxv11s,financial_planning,federal_employee,positive,pursuing,,govfire
,1kvspd3,financial_planning,federal_employee,negative,pursuing,,govfire
,1l1rawo,financial_planning,medical,positive,pursuing,,medicalschool
,1kcbssa,policy_uncertainty,medical,negative,pursuing,,medicalschool
,1lg9bmk,policy_uncertainty,medical,negative,considering,,medicalschool
,1plduz8,policy_uncertainty,medical,neutral,unknown,,medicalschool
,1lkrbcd,policy_uncertainty,medical,very_positive,pursuing,,medicalschool
,1kb3tpj,general_question,nursing,neutral,considering,,nursepractitioner
,1i14rtj,career_impact,nursing,neutral,unknown,,nursepractitioner
,1onq3z5,financial_planning,nursing,neutral,unknown,,nursepractitioner
,1jvg7q3,general_question,nursing,neutral,unknown,,nursepractitioner
,1jw7yb7,general_question,nursing,neutral,unknown,,nursepractitioner
,1i81yeh,general_question,nursing,neutral,unknown,,nursing
,1jrizvz,policy_uncertainty,nursing,negative,considering,,nursing
,1ja4c27,policy_uncertainty,nursing,negative,pursuing,,nursing
,1im19u4,policy_uncertainty,nursing,negative,pursuing,,nursing
,1jz4ps2,general_question,nursing,neutral,unknown,,nursing
,1m296yg,financial_planning,general_finance,neutral,pursuing,,personalfinance
,1mpad22,career_impact,general_finance,negative,pursuing,,personalfinance
,1oytbjf,financial_planning,general_finance,positive,pursuing,,personalfinance
,1l1oawz,financial_planning,general_finance,negative,pursuing,,personalfinance
,1ldajai,financial_planning,general_finance,neutral,pursuing,,personalfinance
,1iggx2d,career_impact,pharmacy,positive,considering,,pharmacy
,1ksawfn,career_impact,pharmacy,neutral,pursuing,,pharmacy
,1ik01yf,policy_uncertainty,pharmacy,positive,pursuing,,pharmacy
,1popcj8,general_question,pharmacy,neutral,considering,,pharmacy
,1j9h7rf,policy_uncertainty,pharmacy,neutral,pursuing,,pharmacy
,1pg04dy,financial_planning,physician_assistant,negative,considering,,physicianassistant
,1na5hf3,career_impact,physician_assistant,positive,pursuing,,physicianassistant
,1hyi9cf,career_impact,physician_assistant,positive,pursuing,,physicianassistant
,1krib7b,financial_planning,physician_assistant,neutral,considering,,physicianassistant
,1nrkscq,financial_planning,physician_assistant,neutral,considering,,physicianassistant
,1jq4l3o,policy_uncertainty,speech_language_pathology,negative,pursuing,,slp
,1hw2luy,career_impact,speech_language_pathology,neutral,pursuing,,slp
,1oaj374,general_question,speech_language_pathology,neutral,considering,,slp
,1jl3co2,general_question,speech_language_pathology,neutral,unknown,,slp
,1j90224,policy_uncertainty,speech_language_pathology,negative,pursuing,,slp
,1j5xa7z,policy_uncertainty,social_work,very_negative,pursuing,,socialwork
,1n8uf23,policy_uncertainty,social_work,very_negative,pursuing,,socialwork
,1jnpi3j,career_impact,social_work,positive,pursuing,,socialwork
,1lusrzs,policy_uncertainty,social_work,very_negative,pursuing,,socialwork
,1kl3qth,general_question,social_work,neutral,unknown,,socialwork
,1qn0i26,financial_planning,law,neutral,considering,,LawSchool
,1t006op,parse_error,,parse_error,unknown,"```json
{""pslf_sentiment"": ""neutral"", ""primary_topic"": ""policy_uncertainty"", ""pslf_stance"": ""unknown""}
```",
,1qjeyil,career_impact,occupational_therapy,positive,pursuing,,OccupationalTherapy
,1t2b7nz,financial_planning,occupational_therapy,neutral,unknown,,OccupationalTherapy
,1s7c8r3,financial_planning,occupational_therapy,neutral,unknown,,OccupationalTherapy
,1rzwcwg,servicer_issues,general_pslf,negative,pursuing,,PSLF
,1sk9jt7,servicer_issues,general_pslf,negative,unknown,,PSLF
,1rwcfkt,general_question,general_pslf,neutral,pursuing,,PSLF
,1suma19,success_story,general_pslf,very_positive,completed,,PSLF
,1t5i10n,general_question,general_pslf,neutral,pursuing,,PSLF
,1qbf3ei,financial_planning,medical,positive,pursuing,,Residency
,1rj3qkn,servicer_issues,medical,negative,pursuing,,Residency
,1sb2qcu,financial_planning,medical,neutral,unknown,,Residency
,1sn02mp,financial_planning,medical,neutral,considering,,Residency
,1sydncx,financial_planning,medical,positive,pursuing,,Residency
,1sy5zrn,general_question,general_student_loans,neutral,considering,,StudentLoans
,1s94ge1,servicer_issues,general_student_loans,negative,pursuing,,StudentLoans
,1s1p0u8,financial_planning,general_student_loans,positive,pursuing,,StudentLoans
,1rjrt16,general_question,general_student_loans,positive,pursuing,,StudentLoans
,1ryjprs,general_question,general_student_loans,neutral,unknown,,StudentLoans
,1rru86v,general_question,nursing,neutral,unknown,,StudentNurse
,1q4bkgk,career_impact,teaching,positive,pursuing,,Teachers
,1q480em,career_impact,teaching,positive,considering,,Teachers
,1t5ho9c,general_question,teaching,neutral,unknown,,Teachers
,1qxhrop,servicer_issues,federal_employee,negative,pursuing,,fednews
,1q1dhkk,financial_planning,general_finance,negative,rejecting,,financialindependence
,1s8sfng,financial_planning,medical,neutral,considering,,medicalschool
,1room3f,general_question,medical,neutral,unknown,,medicalschool
,1sh6e8e,financial_planning,medical,neutral,considering,,medicalschool
,1t2tzd2,policy_uncertainty,medical,positive,pursuing,,medicalschool
,1sbgm9s,career_impact,nursing,neutral,considering,,nursepractitioner
,1sj1xim,policy_uncertainty,nursing,negative,considering,,nursepractitioner
,1q5pt2e,career_impact,nursing,positive,pursuing,,nursepractitioner
,1sfe5mu,career_impact,nursing,positive,pursuing,,nursing
,1qu1jdz,general_question,nursing,neutral,unknown,,nursing
,1sbgizf,career_impact,nursing,neutral,considering,,nursing
,1rm5qit,general_question,nursing,neutral,unknown,,nursing
,1rl6380,financial_planning,nursing,positive,pursuing,,nursing
,1sq4lt7,policy_uncertainty,general_finance,negative,rejecting,,personalfinance
,1sezu6h,financial_planning,general_finance,neutral,pursuing,,personalfinance
,1supasl,general_question,general_finance,neutral,unknown,,personalfinance
,1rckv2q,financial_planning,general_finance,positive,pursuing,,personalfinance
,1q3dz1k,policy_uncertainty,general_finance,negative,considering,,personalfinance
,1syzap9,career_impact,pharmacy,positive,pursuing,,pharmacy
,1r09f7a,career_impact,pharmacy,positive,considering,,pharmacy
,1rc9f6c,career_impact,pharmacy,neutral,unknown,,pharmacy
,1rja8i0,career_impact,physician_assistant,positive,pursuing,,physicianassistant
,1s20l0v,career_impact,physician_assistant,neutral,unknown,,physicianassistant
,1s2ombn,general_question,physician_assistant,neutral,considering,,physicianassistant
,1rt3q2y,financial_planning,physician_assistant,neutral,considering,,physicianassistant
,1q2wp0r,career_impact,physician_assistant,neutral,unknown,,physicianassistant
,1s1yl74,general_question,speech_language_pathology,neutral,unknown,,slp
,1rf0xqd,career_impact,speech_language_pathology,neutral,pursuing,,slp
,1q4bd6z,career_impact,speech_language_pathology,positive,pursuing,,slp
,1qk59dj,career_impact,speech_language_pathology,positive,pursuing,,slp
,1spv7xa,career_impact,speech_language_pathology,very_negative,pursuing,,slp
,1roht5q,general_question,social_work,neutral,considering,,socialwork
,1rf28fm,career_impact,social_work,neutral,pursuing,,socialwork
,1qs8vno,general_question,social_work,neutral,unknown,,socialwork
