post_id,primary_topic,profession,pslf_sentiment,pslf_stance,raw_response,source
1otcid5,success_story,general_pslf,very_positive,completed,,PSLF
1ozshiu,parse_error,,parse_error,unknown,"```json
{""pslf_sentiment"": ""negative"", ""primary_topic"": ""financial_planning"", ""pslf_stance"": ""pursuing""}
```",
1puebb7,financial_planning,general_pslf,negative,pursuing,,PSLF
1ohigdz,servicer_issues,general_pslf,positive,pursuing,,PSLF
1nontbj,servicer_issues,general_pslf,negative,completed,,PSLF
1pjeqjg,success_story,general_pslf,very_positive,completed,,PSLF
1osuxfj,general_question,general_pslf,positive,pursuing,,PSLF
1ni7sp0,policy_uncertainty,general_pslf,very_negative,pursuing,,PSLF
1nuq604,financial_planning,general_pslf,negative,pursuing,,PSLF
1p0nyky,parse_error,,parse_error,unknown,"```json
{""pslf_sentiment"": ""very_negative"", ""primary_topic"": ""servicer_issues"", ""pslf_stance"": ""pursuing""}
```",
1px5dbt,success_story,general_pslf,very_positive,completed,,PSLF
1nx9v6v,success_story,general_pslf,positive,pursuing,,PSLF
1ocyxpu,servicer_issues,general_pslf,positive,completed,,PSLF
1oqj9n1,success_story,general_pslf,positive,completed,,PSLF
1pcaknk,servicer_issues,general_pslf,negative,pursuing,,PSLF
1pk11ct,career_impact,general_pslf,positive,pursuing,,PSLF
1orssur,servicer_issues,general_pslf,negative,pursuing,,PSLF
1pq60rl,financial_planning,general_pslf,positive,considering,,PSLF
1pk2295,servicer_issues,general_pslf,negative,pursuing,,PSLF
1o7ku8a,servicer_issues,general_pslf,very_negative,pursuing,,PSLF
1na4f4i,policy_uncertainty,general_pslf,negative,pursuing,,PSLF
1pkfyux,servicer_issues,general_pslf,very_negative,pursuing,,PSLF
1p2jbwq,success_story,general_pslf,very_positive,completed,,PSLF
1ojmqr5,policy_uncertainty,general_pslf,neutral,pursuing,,PSLF
1gkwfd6,policy_uncertainty,general_pslf,very_positive,pursuing,,PSLF
1k3r3zv,policy_uncertainty,general_pslf,positive,pursuing,,PSLF
1iccemj,servicer_issues,general_pslf,positive,pursuing,,PSLF
1i24ja4,policy_uncertainty,general_pslf,neutral,unknown,,PSLF
16mriv5,policy_uncertainty,general_pslf,positive,considering,,PSLF
1i3kqds,policy_uncertainty,general_pslf,neutral,unknown,,PSLF
q28msw,policy_uncertainty,general_pslf,positive,unknown,,PSLF
1j7wgmn,general_question,general_pslf,very_positive,pursuing,,PSLF
rc90d3,general_question,general_pslf,neutral,unknown,,PSLF
q6kwst,parse_error,,parse_error,unknown,"```json
{""pslf_sentiment"": ""positive"", ""primary_topic"": ""general_question"", ""pslf_stance"": ""pursuing""}
```",
1f4fgos,career_impact,general_pslf,very_negative,pursuing,,PSLF
1nudupy,policy_uncertainty,general_student_loans,neutral,unknown,,StudentLoans
1ni0o4x,financial_planning,general_student_loans,positive,pursuing,,StudentLoans
1owc4hk,servicer_issues,general_student_loans,negative,pursuing,,StudentLoans
1pjfrbm,general_question,general_student_loans,neutral,unknown,,StudentLoans
1pqlkud,financial_planning,general_student_loans,negative,considering,,StudentLoans
1oodclk,financial_planning,general_student_loans,positive,pursuing,,StudentLoans
1obqucl,financial_planning,general_student_loans,negative,pursuing,,StudentLoans
1o668ra,general_question,general_student_loans,neutral,considering,,StudentLoans
1podu5t,financial_planning,general_student_loans,positive,pursuing,,StudentLoans
1ofvxx6,parse_error,,parse_error,unknown,"```json
{""pslf_sentiment"": ""negative"", ""primary_topic"": ""policy_uncertainty"", ""pslf_stance"": ""considering""}
```",
1pvvzbf,general_question,general_student_loans,neutral,considering,,StudentLoans
1pqwly0,servicer_issues,general_student_loans,negative,pursuing,,StudentLoans
1okxoes,financial_planning,general_student_loans,neutral,considering,,StudentLoans
1ocw2q5,general_question,general_student_loans,neutral,pursuing,,StudentLoans
1nwlbfz,general_question,general_student_loans,neutral,pursuing,,StudentLoans
1pd8pq4,financial_planning,general_student_loans,negative,pursuing,,StudentLoans
1pcinjh,financial_planning,general_student_loans,positive,considering,,StudentLoans
1nuktj9,financial_planning,general_student_loans,neutral,considering,,StudentLoans
1pdmi36,general_question,general_student_loans,neutral,pursuing,,StudentLoans
1o5kp9r,financial_planning,general_student_loans,positive,pursuing,,StudentLoans
1oun47v,financial_planning,general_student_loans,positive,pursuing,,StudentLoans
1op4fna,financial_planning,general_student_loans,positive,pursuing,,StudentLoans
1ocjmon,general_question,general_student_loans,neutral,pursuing,,StudentLoans
1oej2wq,financial_planning,general_student_loans,neutral,considering,,StudentLoans
1ndjoft,general_question,general_student_loans,neutral,pursuing,,StudentLoans
149d68t,general_question,general_student_loans,neutral,unknown,,StudentLoans
wwhr85,policy_uncertainty,general_student_loans,neutral,unknown,,StudentLoans
142j6zp,general_question,general_student_loans,neutral,unknown,,StudentLoans
1kepzmj,policy_uncertainty,general_student_loans,negative,pursuing,,StudentLoans
1jtpwqr,policy_uncertainty,general_student_loans,negative,pursuing,,StudentLoans
14a4dnw,general_question,general_student_loans,neutral,unknown,,StudentLoans
1fyhgu4,policy_uncertainty,general_student_loans,neutral,unknown,,StudentLoans
1egjusl,policy_uncertainty,general_student_loans,neutral,unknown,,StudentLoans
1jo4z4x,general_question,general_student_loans,neutral,pursuing,,StudentLoans
v2mkuz,policy_uncertainty,general_student_loans,positive,pursuing,,StudentLoans
vsxs1f,policy_uncertainty,general_student_loans,neutral,unknown,,StudentLoans
13pqjk7,policy_uncertainty,general_student_loans,negative,considering,,StudentLoans
1jutm3y,policy_uncertainty,general_student_loans,very_negative,pursuing,,StudentLoans
18m16hh,success_story,general_student_loans,positive,completed,,StudentLoans
1jnhwof,general_question,general_student_loans,neutral,considering,,StudentLoans
13xrmve,policy_uncertainty,general_student_loans,neutral,unknown,,StudentLoans
1iz2kpz,career_impact,general_student_loans,neutral,pursuing,,StudentLoans
13vy75j,parse_error,,parse_error,unknown,"```json
{""pslf_sentiment"": ""neutral"", ""primary_topic"": ""policy_uncertainty"", ""pslf_stance"": ""unknown""}
```",
14o2plh,financial_planning,general_student_loans,neutral,unknown,,StudentLoans
1pp5d1z,policy_uncertainty,general_student_loans,negative,unknown,,StudentLoans
1nee3wq,financial_planning,general_student_loans,negative,pursuing,,StudentLoans
1o9loq6,policy_uncertainty,general_student_loans,neutral,unknown,,StudentLoans
1nzv18q,servicer_issues,medical,very_negative,pursuing,,Residency
1ogxahy,financial_planning,medical,negative,considering,,Residency
1kcp5wq,policy_uncertainty,medical,very_negative,pursuing,,Residency
v3ktei,policy_uncertainty,medical,very_positive,pursuing,,Residency
1j1arlh,policy_uncertainty,medical,very_negative,pursuing,,Residency
v2qato,policy_uncertainty,medical,positive,pursuing,,Residency
1faus09,servicer_issues,medical,negative,pursuing,,Residency
yez0sj,servicer_issues,medical,negative,pursuing,,Residency
174touc,servicer_issues,medical,neutral,pursuing,,Residency
uec3b4,servicer_issues,medical,very_negative,pursuing,,Residency
1f9b0wh,financial_planning,medical,neutral,pursuing,,Residency
13ssv83,career_impact,medical,neutral,considering,,Residency
185mami,financial_planning,medical,negative,considering,,Residency
yyoz6d,policy_uncertainty,medical,very_positive,pursuing,,Residency
paq6jd,general_question,medical,neutral,pursuing,,Residency
vab42i,general_question,medical,neutral,pursuing,,Residency
12tpgtj,career_impact,medical,neutral,considering,,Residency
15t3x2l,financial_planning,medical,positive,pursuing,,Residency
1618rca,financial_planning,medical,positive,pursuing,,Residency
12b0tse,general_question,medical,negative,pursuing,,Residency
y50ho9,servicer_issues,medical,negative,pursuing,,Residency
r7kkj7,financial_planning,medical,negative,considering,,Residency
ug5710,financial_planning,medical,neutral,considering,,Residency
pzfbrd,policy_uncertainty,medical,positive,unknown,,Residency
qr4y9q,career_impact,medical,very_positive,pursuing,,Residency
re7tq8,general_question,medical,neutral,pursuing,,Residency
xxo11y,policy_uncertainty,medical,negative,pursuing,,Residency
q4e9qi,policy_uncertainty,medical,neutral,unknown,,Residency
uz1wt6,policy_uncertainty,medical,positive,considering,,Residency
q39oqc,general_question,medical,neutral,considering,,Residency
ojhb95,general_question,medical,neutral,unknown,,Residency
13iwkuw,career_impact,medical,positive,pursuing,,Residency
13fmwat,success_story,medical,positive,pursuing,,Residency
16gg8p5,career_impact,medical,neutral,considering,,Residency
15yedfx,general_question,medical,positive,unknown,,Residency
16y1a9v,servicer_issues,medical,neutral,pursuing,,Residency
udyqch,career_impact,medical,neutral,considering,,Residency
1e7jb7o,policy_uncertainty,medical,positive,pursuing,,Residency
1evhyhm,servicer_issues,medical,positive,pursuing,,Residency
puohhy,financial_planning,medical,neutral,rejecting,,Residency
16bncr4,financial_planning,medical,neutral,unknown,,Residency
xeip33,financial_planning,medical,neutral,considering,,Residency
1dyn1k4,servicer_issues,medical,negative,pursuing,,Residency
15bvlvt,career_impact,medical,negative,considering,,Residency
1fj0cwa,policy_uncertainty,medical,negative,pursuing,,Residency
12uo7qk,career_impact,medical,neutral,pursuing,,Residency
163ptpc,financial_planning,medical,positive,pursuing,,Residency
1gd1e5m,financial_planning,medical,neutral,considering,,Residency
14bsjc0,servicer_issues,medical,negative,pursuing,,Residency
1498ubw,financial_planning,medical,neutral,rejecting,,Residency
1d7ky5v,financial_planning,medical,negative,rejecting,,Residency
164v5ih,career_impact,medical,positive,pursuing,,Residency
15zo1fn,career_impact,medical,positive,pursuing,,Residency
18okfwx,general_question,medical,neutral,considering,,Residency
qgn5tu,financial_planning,medical,negative,pursuing,,Residency
14ylh91,career_impact,medical,positive,considering,,Residency
wgy1zs,financial_planning,medical,positive,pursuing,,Residency
yqm0w2,career_impact,medical,neutral,pursuing,,Residency
tz7teo,financial_planning,medical,neutral,considering,,Residency
1626ef6,financial_planning,medical,neutral,pursuing,,Residency
u32284,financial_planning,medical,neutral,considering,,Residency
v3q141,career_impact,medical,positive,pursuing,,Residency
164i4p0,career_impact,medical,neutral,considering,,Residency
se0roh,financial_planning,medical,neutral,rejecting,,Residency
t3jmdy,general_question,medical,neutral,rejecting,,Residency
st5kgy,financial_planning,medical,neutral,considering,,Residency
tk7bm4,financial_planning,medical,positive,pursuing,,Residency
shwe8u,career_impact,medical,neutral,unknown,,Residency
wswf7h,career_impact,medical,neutral,unknown,,Residency
uzasxh,financial_planning,medical,positive,pursuing,,Residency
14ungs6,financial_planning,medical,neutral,rejecting,,Residency
xm6fzd,financial_planning,medical,negative,rejecting,,Residency
v1ahmc,financial_planning,medical,neutral,pursuing,,Residency
qvgtyz,financial_planning,medical,neutral,considering,,Residency
1o84qxc,financial_planning,medical,neutral,pursuing,,Residency
1gl153v,policy_uncertainty,medical,negative,pursuing,,Residency
143zhjr,career_impact,medical,negative,pursuing,,Residency
1j9jm3w,policy_uncertainty,medical,negative,pursuing,,Residency
xtequo,financial_planning,medical,neutral,unknown,,Residency
wwyer0,policy_uncertainty,medical,positive,pursuing,,Residency
tab47r,servicer_issues,medical,neutral,unknown,,Residency
rev684,financial_planning,medical,neutral,rejecting,,Residency
qrwefk,parse_error,,parse_error,unknown,"```json
{""pslf_sentiment"": ""negative"", ""primary_topic"": ""servicer_issues"", ""pslf_stance"": ""pursuing""}
```",
1644ri3,financial_planning,medical,neutral,considering,,Residency
145bu6v,financial_planning,medical,neutral,pursuing,,Residency
17t8cdk,servicer_issues,medical,negative,unknown,,Residency
tnb3dz,financial_planning,medical,negative,pursuing,,Residency
17bgrv5,servicer_issues,medical,very_negative,pursuing,,Residency
16zxpi8,servicer_issues,medical,negative,pursuing,,Residency
1pcu90o,career_impact,medical,positive,pursuing,,medicalschool
1p0hpgy,policy_uncertainty,medical,very_negative,pursuing,,medicalschool
1jhb31s,policy_uncertainty,medical,very_negative,pursuing,,medicalschool
1gkwgfa,policy_uncertainty,medical,positive,pursuing,,medicalschool
1kcbssa,policy_uncertainty,medical,negative,pursuing,,medicalschool
14n2cob,policy_uncertainty,medical,neutral,unknown,,medicalschool
ug60qb,financial_planning,medical,neutral,considering,,medicalschool
1857z2z,general_question,medical,neutral,considering,,medicalschool
yachhf,policy_uncertainty,medical,neutral,unknown,,medicalschool
xs09jv,general_question,medical,neutral,unknown,,medicalschool
wp87ab,career_impact,medical,negative,considering,,medicalschool
v4198i,policy_uncertainty,medical,positive,pursuing,,medicalschool
umn6ps,financial_planning,medical,positive,pursuing,,medicalschool
u2788e,career_impact,medical,neutral,considering,,medicalschool
sdjhez,general_question,medical,neutral,considering,,medicalschool
qcv1pc,general_question,medical,neutral,unknown,,medicalschool
pt7m4u,general_question,medical,neutral,unknown,,medicalschool
18cf8n6,financial_planning,medical,neutral,pursuing,,medicalschool
1jhxkis,financial_planning,medical,neutral,unknown,,medicalschool
12ksj18,financial_planning,medical,neutral,pursuing,,medicalschool
ty39l3,financial_planning,medical,positive,considering,,medicalschool
12cvfho,financial_planning,medical,neutral,unknown,,medicalschool
uikuh3,financial_planning,medical,neutral,pursuing,,medicalschool
upojnf,financial_planning,medical,neutral,considering,,medicalschool
1im19u4,policy_uncertainty,nursing,negative,pursuing,,nursing
1g0nbs9,career_impact,nursing,neutral,considering,,nursing
w03fob,general_question,nursing,neutral,considering,,nursing
wv6pkd,career_impact,nursing,neutral,pursuing,,nursing
vcghnq,success_story,nursing,very_positive,completed,,nursing
y2fkhe,general_question,nursing,positive,unknown,,nursing
1jrizvz,policy_uncertainty,nursing,negative,considering,,nursing
1gl8qz3,policy_uncertainty,nursing,neutral,considering,,nursing
1fd0dqp,general_question,nursing,neutral,considering,,nursing
qt1yol,career_impact,nursing,neutral,considering,,nursing
xirsc8,general_question,nursing,neutral,considering,,nursing
1ja4c27,policy_uncertainty,nursing,negative,pursuing,,nursing
qw5cvp,general_question,nursing,neutral,unknown,,nursing
rmq375,policy_uncertainty,nursing,neutral,unknown,,nursing
1jmwtyl,policy_uncertainty,nursing,negative,considering,,nursing
tqd3zy,financial_planning,nursing,neutral,considering,,StudentNurse
1d8ffqe,general_question,nursing,neutral,unknown,,StudentNurse
14lezxe,general_question,nursing,neutral,unknown,,StudentNurse
15pgerf,career_impact,nursing,positive,pursuing,,nursepractitioner
wxh90b,career_impact,nursing,positive,pursuing,,nursepractitioner
1e12d27,financial_planning,nursing,neutral,unknown,,nursepractitioner
xs0ifv,general_question,nursing,neutral,unknown,,nursepractitioner
17vhb8d,financial_planning,nursing,neutral,unknown,,nursepractitioner
15uksmj,general_question,nursing,neutral,unknown,,nursepractitioner
1na0gpx,success_story,teaching,neutral,unknown,,Teachers
1ehfr3i,general_question,teaching,neutral,pursuing,,Teachers
waaug4,general_question,teaching,very_positive,completed,,Teachers
wo6pvw,general_question,teaching,very_positive,pursuing,,Teachers
1628wm8,financial_planning,teaching,neutral,considering,,Teachers
rnp8x7,career_impact,teaching,positive,pursuing,,Teachers
13iox9u,servicer_issues,teaching,negative,pursuing,,Teachers
15j5bpn,general_question,teaching,positive,considering,,Teachers
udvf2r,career_impact,teaching,neutral,pursuing,,Teachers
13ylnvk,general_question,teaching,neutral,pursuing,,Teachers
uffr7q,servicer_issues,teaching,negative,pursuing,,Teachers
xi29jr,policy_uncertainty,teaching,negative,pursuing,,Teachers
wx3b6j,general_question,teaching,neutral,pursuing,,Teachers
u9tf0e,policy_uncertainty,teaching,negative,pursuing,,Teachers
wspral,general_question,teaching,positive,pursuing,,Teachers
q7sas1,career_impact,teaching,positive,pursuing,,Teachers
qj40uq,general_question,teaching,neutral,pursuing,,Teachers
r6fpu8,career_impact,teaching,positive,pursuing,,Teachers
pz7n88,policy_uncertainty,teaching,positive,pursuing,,Teachers
ul2sh8,general_question,teaching,neutral,unknown,,Teachers
sv9h7a,success_story,teaching,very_positive,completed,,Teachers
vv1yyl,general_question,teaching,neutral,considering,,Teachers
13x8qy0,career_impact,teaching,positive,pursuing,,Teachers
1egvh6i,success_story,teaching,positive,completed,,Teachers
wwqirb,general_question,teaching,neutral,completed,,Teachers
17ocpsk,financial_planning,teaching,neutral,rejecting,,Teachers
vvs99x,general_question,teaching,neutral,considering,,Teachers
wipyfm,financial_planning,teaching,neutral,considering,,Teachers
ruoo69,career_impact,teaching,neutral,pursuing,,Teachers
175ugbl,general_question,teaching,neutral,unknown,,Teachers
142c2ss,career_impact,teaching,negative,considering,,Teachers
165fbc9,career_impact,teaching,positive,pursuing,,Teachers
12poduf,general_question,teaching,neutral,unknown,,Teachers
15z56qd,general_question,teaching,neutral,unknown,,Teachers
smuyc1,career_impact,teaching,positive,pursuing,,Teachers
12xs8vy,general_question,teaching,neutral,unknown,,Teachers
12cmskq,success_story,teaching,positive,completed,,Teachers
t8g2nf,general_question,teaching,neutral,considering,,Teachers
wugglx,career_impact,teaching,neutral,pursuing,,Teachers
spniyv,general_question,teaching,neutral,unknown,,Teachers
sktb72,general_question,teaching,neutral,considering,,Teachers
ta7ou4,general_question,teaching,neutral,considering,,Teachers
vv5wp8,general_question,teaching,neutral,pursuing,,Teachers
u7bvoz,general_question,teaching,neutral,unknown,,Teachers
ty6hjz,career_impact,teaching,positive,pursuing,,Teachers
oob6jn,general_question,teaching,neutral,pursuing,,Teachers
1nswii0,general_question,teaching,neutral,considering,,Teachers
sxreuf,general_question,teaching,neutral,considering,,Teachers
1cumdr5,career_impact,teaching,positive,pursuing,,Teachers
smftz7,policy_uncertainty,teaching,negative,unknown,,Teachers
1733b3r,general_question,teaching,neutral,considering,,Teachers
1d5txbh,general_question,teaching,neutral,unknown,,Teachers
16gss29,general_question,teaching,neutral,unknown,,Teachers
18111og,general_question,teaching,neutral,unknown,,Teachers
15sa271,general_question,teaching,neutral,unknown,,Teachers
yj6ht2,servicer_issues,teaching,negative,unknown,,Teachers
vtflvm,general_question,teaching,neutral,unknown,,Teachers
1jgt4qm,general_question,teaching,neutral,pursuing,,Teachers
tbt3ya,general_question,teaching,neutral,unknown,,Teachers
xho253,career_impact,teaching,neutral,pursuing,,Teachers
ugq3oq,career_impact,teaching,positive,pursuing,,Teachers
161vnc3,servicer_issues,teaching,very_negative,pursuing,,Teachers
14u8p22,general_question,teaching,neutral,unknown,,Teachers
1g3oodd,general_question,teaching,neutral,pursuing,,Teachers
1eka92x,general_question,teaching,neutral,unknown,,Teachers
18nd0hd,servicer_issues,teaching,very_negative,pursuing,,Teachers
17bkl37,career_impact,teaching,neutral,pursuing,,Teachers
1748lk8,general_question,teaching,neutral,unknown,,Teachers
14ncx2w,general_question,teaching,neutral,unknown,,Teachers
y8oui4,general_question,teaching,neutral,considering,,Teachers
x9cgiv,general_question,teaching,neutral,unknown,,Teachers
qksg5c,general_question,teaching,neutral,unknown,,Teachers
q73q4l,general_question,teaching,neutral,unknown,,Teachers
pre9b8,general_question,teaching,neutral,unknown,,Teachers
p27vac,frustration_venting,teaching,negative,unknown,,Teachers
or5lmm,financial_planning,teaching,neutral,unknown,,Teachers
ojwxou,general_question,teaching,neutral,unknown,,Teachers
1j8hzb3,policy_uncertainty,law,negative,considering,,LawSchool
1dha3ki,career_impact,law,positive,pursuing,,LawSchool
1eu5tx6,policy_uncertainty,law,negative,considering,,LawSchool
1crdqfx,career_impact,law,positive,considering,,LawSchool
12x0omc,financial_planning,law,positive,considering,,LawSchool
wxk3hw,policy_uncertainty,law,neutral,pursuing,,LawSchool
owq3l2,career_impact,law,negative,considering,,LawSchool
qhwfux,success_story,law,very_positive,completed,,LawSchool
1dukpyq,general_question,law,neutral,considering,,LawSchool
1encg64,career_impact,law,neutral,pursuing,,LawSchool
18tvyfs,financial_planning,law,neutral,unknown,,LawSchool
wwrwj3,policy_uncertainty,law,neutral,pursuing,,LawSchool
14o3con,policy_uncertainty,law,neutral,unknown,,LawSchool
qne6n4,policy_uncertainty,law,neutral,unknown,,LawSchool
175dt7f,financial_planning,law,neutral,unknown,,LawSchool
1n8uf23,policy_uncertainty,social_work,very_negative,pursuing,,socialwork
qrytwr,success_story,social_work,very_positive,completed,,socialwork
18d1at9,parse_error,,parse_error,unknown,"```json
{""pslf_sentiment"": ""negative"", ""primary_topic"": ""career_impact"", ""pslf_stance"": ""considering""}
```",
sdhalz,general_question,social_work,neutral,pursuing,,socialwork
18d19xk,parse_error,,parse_error,unknown,"```json
{""pslf_sentiment"": ""neutral"", ""primary_topic"": ""career_impact"", ""pslf_stance"": ""considering""}
```",
xn2jrw,career_impact,social_work,neutral,considering,,socialwork
xnwy4s,career_impact,social_work,neutral,considering,,socialwork
y1ck3h,financial_planning,social_work,neutral,unknown,,socialwork
16arpp1,financial_planning,social_work,very_positive,pursuing,,socialwork
vekdz5,career_impact,social_work,negative,pursuing,,socialwork
1ievgrf,career_impact,social_work,neutral,pursuing,,socialwork
15nfu7l,career_impact,social_work,negative,rejecting,,socialwork
14xem0t,career_impact,social_work,positive,pursuing,,socialwork
pn7goj,policy_uncertainty,social_work,positive,pursuing,,socialwork
otmwk7,career_impact,social_work,positive,pursuing,,socialwork
olng6m,career_impact,social_work,neutral,considering,,socialwork
16irxyx,career_impact,social_work,neutral,considering,,socialwork
wh4rsd,career_impact,social_work,neutral,pursuing,,socialwork
sgjm7n,general_question,social_work,neutral,unknown,,socialwork
rgybae,general_question,social_work,neutral,unknown,,socialwork
1dfvpst,general_question,social_work,neutral,unknown,,socialwork
vh8rwl,general_question,social_work,neutral,unknown,,socialwork
1o6n4aw,policy_uncertainty,federal_employee,neutral,unknown,,fednews
1ital21,career_impact,federal_employee,negative,pursuing,,fednews
1jgrwbs,success_story,federal_employee,very_positive,completed,,fednews
1ijpumr,policy_uncertainty,federal_employee,negative,pursuing,,fednews
1egxf7k,general_question,federal_employee,neutral,considering,,fednews
14zr0xz,financial_planning,federal_employee,neutral,considering,,fednews
1dnctzf,servicer_issues,federal_employee,negative,pursuing,,fednews
qshb6y,success_story,federal_employee,very_positive,completed,,fednews
wcaybd,general_question,federal_employee,neutral,considering,,fednews
ri3evo,servicer_issues,federal_employee,negative,pursuing,,fednews
u1vkjr,general_question,federal_employee,neutral,pursuing,,fednews
14cvl5n,career_impact,federal_employee,neutral,pursuing,,fednews
18sxxbj,career_impact,federal_employee,positive,pursuing,,fednews
1jyfz41,general_question,federal_employee,neutral,considering,,fednews
17y0ug0,financial_planning,federal_employee,neutral,completed,,fednews
1j1l41o,career_impact,federal_employee,neutral,pursuing,,fednews
1i75378,policy_uncertainty,federal_employee,very_negative,pursuing,,fednews
1ilwk91,parse_error,,parse_error,unknown,"```json
{""pslf_sentiment"": ""negative"", ""primary_topic"": ""career_impact"", ""pslf_stance"": ""pursuing""}
```",
wwt3x7,policy_uncertainty,federal_employee,negative,pursuing,,fednews
1dxuy0m,general_question,federal_employee,neutral,unknown,,fednews
1g0kkom,general_question,federal_employee,neutral,considering,,fednews
1geyj0t,servicer_issues,federal_employee,negative,pursuing,,fednews
187zfjo,servicer_issues,federal_employee,negative,pursuing,,fednews
tb025c,career_impact,federal_employee,neutral,pursuing,,fednews
173wc1v,general_question,federal_employee,neutral,considering,,fednews
vzndpa,career_impact,federal_employee,positive,pursuing,,fednews
qvhcs4,general_question,federal_employee,positive,pursuing,,fednews
1jl17ki,policy_uncertainty,federal_employee,very_negative,unknown,,fednews
1e0zxg6,general_question,federal_employee,neutral,unknown,,fednews
1jdp5j4,servicer_issues,federal_employee,neutral,pursuing,,fednews
166bgdq,general_question,federal_employee,neutral,unknown,,fednews
1ix6yab,policy_uncertainty,federal_employee,very_negative,pursuing,,fednews
1fd1w9i,financial_planning,federal_employee,positive,pursuing,,govfire
pyygs4,financial_planning,federal_employee,positive,pursuing,,govfire
png05f,financial_planning,federal_employee,neutral,considering,,govfire
1jg3y7q,policy_uncertainty,pharmacy,positive,pursuing,,pharmacy
w5swc5,policy_uncertainty,pharmacy,very_negative,rejecting,,pharmacy
1ik01yf,policy_uncertainty,pharmacy,positive,pursuing,,pharmacy
1g7hr7j,general_question,pharmacy,positive,considering,,pharmacy
1fk2us2,general_question,pharmacy,neutral,considering,,pharmacy
xcx3o2,financial_planning,pharmacy,positive,considering,,pharmacy
r6ltt6,general_question,pharmacy,neutral,pursuing,,pharmacy
voqo1a,general_question,pharmacy,positive,pursuing,,pharmacy
xknbse,general_question,pharmacy,positive,pursuing,,pharmacy
oz3j1j,general_question,pharmacy,neutral,considering,,pharmacy
1iut36p,financial_planning,pharmacy,positive,pursuing,,pharmacy
14l1s34,career_impact,pharmacy,neutral,pursuing,,pharmacy
r69yy7,financial_planning,pharmacy,neutral,unknown,,pharmacy
164mbnc,financial_planning,pharmacy,neutral,unknown,,pharmacy
1f4z594,career_impact,pharmacy,neutral,considering,,pharmacy
14cjh0c,financial_planning,pharmacy,neutral,unknown,,pharmacy
15serdw,career_impact,pharmacy,positive,considering,,pharmacy
14tiudo,career_impact,pharmacy,neutral,pursuing,,pharmacy
14c680s,career_impact,pharmacy,negative,pursuing,,pharmacy
15bsuh4,career_impact,pharmacy,positive,pursuing,,pharmacy
1i6ltgs,career_impact,pharmacy,negative,considering,,pharmacy
tso2lu,servicer_issues,pharmacy,negative,unknown,,pharmacy
qiowzt,financial_planning,pharmacy,neutral,unknown,,pharmacy
1njtgp6,career_impact,physician_assistant,positive,pursuing,,physicianassistant
1na5hf3,career_impact,physician_assistant,positive,pursuing,,physicianassistant
1ovrl5z,career_impact,physician_assistant,neutral,pursuing,,physicianassistant
1pigxjg,general_question,physician_assistant,neutral,considering,,physicianassistant
1opgpwj,career_impact,physician_assistant,neutral,considering,,physicianassistant
1nkwyqr,career_impact,physician_assistant,positive,considering,,physicianassistant
1kankgz,financial_planning,physician_assistant,neutral,considering,,physicianassistant
1fvk2eb,general_question,physician_assistant,neutral,pursuing,,physicianassistant
1i5ad0k,general_question,physician_assistant,neutral,considering,,physicianassistant
14qlwdb,financial_planning,physician_assistant,positive,considering,,physicianassistant
1dog1ke,general_question,physician_assistant,neutral,considering,,physicianassistant
15t8axi,career_impact,physician_assistant,neutral,considering,,physicianassistant
13g2aeu,financial_planning,physician_assistant,neutral,pursuing,,physicianassistant
15oauzm,career_impact,physician_assistant,positive,considering,,physicianassistant
14rn858,career_impact,physician_assistant,positive,considering,,physicianassistant
1555fiz,financial_planning,physician_assistant,positive,pursuing,,physicianassistant
qqx4f2,financial_planning,physician_assistant,positive,considering,,physicianassistant
yfbuzp,general_question,physician_assistant,neutral,considering,,physicianassistant
1d3iz5n,career_impact,physician_assistant,neutral,pursuing,,physicianassistant
1fq7byq,career_impact,physician_assistant,neutral,considering,,physicianassistant
1jnbcbn,servicer_issues,physician_assistant,negative,considering,,physicianassistant
1igzeqe,career_impact,physician_assistant,positive,pursuing,,physicianassistant
18k99wt,financial_planning,physician_assistant,neutral,considering,,physicianassistant
1d7aq13,financial_planning,physician_assistant,neutral,rejecting,,physicianassistant
wq5hrw,parse_error,,parse_error,unknown,"```json
{""pslf_sentiment"": ""positive"", ""primary_topic"": ""career_impact"", ""pslf_stance"": ""considering""}
```",
uuxi6n,career_impact,physician_assistant,neutral,considering,,physicianassistant
1i8y0o7,financial_planning,physician_assistant,negative,considering,,physicianassistant
1ghl0nf,financial_planning,physician_assistant,neutral,rejecting,,physicianassistant
1k9dt36,financial_planning,physician_assistant,neutral,considering,,physicianassistant
18knien,financial_planning,physician_assistant,positive,pursuing,,physicianassistant
16scqap,financial_planning,physician_assistant,neutral,rejecting,,physicianassistant
1frlqjp,career_impact,physician_assistant,neutral,considering,,physicianassistant
14ohdh3,financial_planning,physician_assistant,neutral,rejecting,,physicianassistant
1hv9c72,career_impact,physician_assistant,neutral,considering,,physicianassistant
1f1pmzs,career_impact,physician_assistant,positive,considering,,physicianassistant
1dzk43s,financial_planning,physician_assistant,neutral,pursuing,,physicianassistant
1877dz7,career_impact,physician_assistant,positive,pursuing,,physicianassistant
17gmnmq,career_impact,physician_assistant,neutral,pursuing,,physicianassistant
16sztz8,career_impact,physician_assistant,neutral,pursuing,,physicianassistant
12irkh0,servicer_issues,physician_assistant,negative,pursuing,,physicianassistant
13ihv3v,career_impact,physician_assistant,neutral,pursuing,,physicianassistant
13j40fg,general_question,physician_assistant,neutral,unknown,,physicianassistant
1612evd,success_story,physician_assistant,very_positive,completed,,physicianassistant
16bmdmj,career_impact,physician_assistant,positive,pursuing,,physicianassistant
wsde3q,general_question,physician_assistant,neutral,considering,,physicianassistant
vcyt34,financial_planning,physician_assistant,neutral,pursuing,,physicianassistant
1n6gvb9,general_question,physician_assistant,neutral,unknown,,physicianassistant
172enuk,general_question,physician_assistant,neutral,unknown,,physicianassistant
147en6g,career_impact,physician_assistant,neutral,pursuing,,physicianassistant
17siamj,career_impact,physician_assistant,positive,pursuing,,physicianassistant
16i19mp,general_question,physician_assistant,neutral,unknown,,physicianassistant
1nrkscq,financial_planning,physician_assistant,neutral,considering,,physicianassistant
1d5baw0,financial_planning,physician_assistant,neutral,unknown,,physicianassistant
1dgxn0c,parse_error,,parse_error,unknown,"```json
{""pslf_sentiment"": ""neutral"", ""primary_topic"": ""career_impact"", ""pslf_stance"": ""unknown""}
```",
rgye93,general_question,physician_assistant,neutral,unknown,,physicianassistant
1302shf,career_impact,physician_assistant,neutral,considering,,physicianassistant
q44w2f,general_question,physician_assistant,neutral,unknown,,physicianassistant
pqfnf2,general_question,physician_assistant,neutral,unknown,,physicianassistant
1ozl3hn,career_impact,occupational_therapy,neutral,unknown,,OccupationalTherapy
1pdn181,career_impact,occupational_therapy,neutral,unknown,,OccupationalTherapy
1nw0idv,career_impact,occupational_therapy,positive,considering,,OccupationalTherapy
1isrvp7,career_impact,occupational_therapy,positive,pursuing,,OccupationalTherapy
1jockj8,general_question,occupational_therapy,neutral,considering,,OccupationalTherapy
1if612a,general_question,occupational_therapy,neutral,considering,,OccupationalTherapy
1hwd81x,career_impact,occupational_therapy,positive,considering,,OccupationalTherapy
1epa4rd,general_question,occupational_therapy,neutral,rejecting,,OccupationalTherapy
u1ywov,career_impact,occupational_therapy,positive,pursuing,,OccupationalTherapy
13m2yuk,general_question,occupational_therapy,neutral,considering,,OccupationalTherapy
t2vixw,career_impact,occupational_therapy,neutral,pursuing,,OccupationalTherapy
1j1edno,policy_uncertainty,occupational_therapy,very_negative,pursuing,,OccupationalTherapy
1j4as8b,policy_uncertainty,occupational_therapy,negative,considering,,OccupationalTherapy
1d58yqh,career_impact,occupational_therapy,positive,considering,,OccupationalTherapy
17puyyq,career_impact,occupational_therapy,positive,pursuing,,OccupationalTherapy
189y0lj,career_impact,occupational_therapy,neutral,pursuing,,OccupationalTherapy
17jfenr,career_impact,occupational_therapy,neutral,considering,,OccupationalTherapy
18akem5,general_question,occupational_therapy,positive,pursuing,,OccupationalTherapy
1500qtc,career_impact,occupational_therapy,negative,rejecting,,OccupationalTherapy
vnpiis,frustration_venting,occupational_therapy,negative,rejecting,,OccupationalTherapy
ub84go,career_impact,occupational_therapy,positive,considering,,OccupationalTherapy
w1iei6,career_impact,occupational_therapy,neutral,considering,,OccupationalTherapy
179gad4,general_question,occupational_therapy,neutral,considering,,OccupationalTherapy
p3qiex,general_question,occupational_therapy,neutral,considering,,OccupationalTherapy
1gatdqc,career_impact,occupational_therapy,positive,pursuing,,OccupationalTherapy
tmt42b,career_impact,occupational_therapy,positive,considering,,OccupationalTherapy
1pkysr1,career_impact,speech_language_pathology,negative,considering,,slp
1neuk1n,career_impact,speech_language_pathology,positive,pursuing,,slp
1nr2jrp,career_impact,speech_language_pathology,neutral,considering,,slp
1f9xody,career_impact,speech_language_pathology,positive,pursuing,,slp
1840lq7,career_impact,speech_language_pathology,positive,pursuing,,slp
181u7ej,career_impact,speech_language_pathology,negative,considering,,slp
15patei,financial_planning,speech_language_pathology,positive,pursuing,,slp
17cir1u,career_impact,speech_language_pathology,positive,considering,,slp
1gk5xc4,general_question,speech_language_pathology,neutral,unknown,,slp
13ke67l,career_impact,speech_language_pathology,positive,pursuing,,slp
1j9681p,general_question,speech_language_pathology,neutral,unknown,,slp
1kd5bbb,career_impact,speech_language_pathology,neutral,considering,,slp
1e7mt4t,career_impact,speech_language_pathology,neutral,considering,,slp
1i65ir7,career_impact,speech_language_pathology,positive,pursuing,,slp
1ftvqrc,career_impact,speech_language_pathology,positive,pursuing,,slp
1ezq2eq,career_impact,speech_language_pathology,neutral,pursuing,,slp
wzwx1q,financial_planning,speech_language_pathology,neutral,pursuing,,slp
sj7i8s,general_question,speech_language_pathology,neutral,unknown,,slp
wxibd7,general_question,speech_language_pathology,neutral,unknown,,slp
xavk1s,career_impact,speech_language_pathology,neutral,pursuing,,slp
v2xu3g,career_impact,speech_language_pathology,neutral,considering,,slp
p9pbrz,career_impact,speech_language_pathology,neutral,considering,,slp
137xnlp,general_question,speech_language_pathology,neutral,unknown,,slp
ta82gp,general_question,speech_language_pathology,neutral,unknown,,slp
1jeolyr,policy_uncertainty,speech_language_pathology,negative,considering,,slp
1652szb,financial_planning,speech_language_pathology,neutral,unknown,,slp
rcpt85,career_impact,speech_language_pathology,neutral,considering,,slp
1jl3co2,general_question,speech_language_pathology,neutral,unknown,,slp
1pbn10k,financial_planning,general_finance,neutral,pursuing,,personalfinance
1oz5689,financial_planning,general_finance,neutral,considering,,personalfinance
1psqt93,financial_planning,general_finance,negative,pursuing,,personalfinance
1pb0sdo,financial_planning,general_finance,positive,pursuing,,personalfinance
1oytbjf,financial_planning,general_finance,positive,pursuing,,personalfinance
1nx8yz9,career_impact,general_finance,negative,rejecting,,personalfinance
1owafqc,financial_planning,general_finance,negative,considering,,personalfinance
1n94otw,financial_planning,general_finance,negative,rejecting,,personalfinance
1ncuyg8,financial_planning,general_finance,neutral,unknown,,personalfinance
1obong7,financial_planning,general_finance,neutral,rejecting,,personalfinance
1njnlnm,financial_planning,general_finance,neutral,rejecting,,personalfinance
1is2dji,career_impact,general_finance,neutral,considering,,personalfinance
wxme1a,general_question,general_finance,neutral,unknown,,personalfinance
149cd7v,general_question,general_finance,positive,considering,,personalfinance
155qv3i,general_question,general_finance,positive,pursuing,,personalfinance
psu5nj,financial_planning,general_finance,neutral,considering,,personalfinance
q2v5k2,policy_uncertainty,general_finance,positive,unknown,,personalfinance
xwfxqg,general_question,general_finance,positive,unknown,,personalfinance
qmrivj,career_impact,general_finance,positive,considering,,personalfinance
15q0ixm,financial_planning,general_finance,positive,pursuing,,personalfinance
1pdh0ft,financial_planning,general_finance,positive,pursuing,,personalfinance
1nw3dvv,success_story,general_finance,positive,completed,,personalfinance
1i6riop,financial_planning,general_finance,positive,pursuing,,financialindependence
1dq7n80,policy_uncertainty,general_finance,negative,pursuing,,financialindependence
155vplx,financial_planning,general_finance,negative,considering,,financialindependence
180xlla,financial_planning,general_finance,neutral,pursuing,,financialindependence
154sbyp,financial_planning,general_finance,neutral,unknown,,financialindependence
1j3brqz,policy_uncertainty,general_pslf,negative,pursuing,,PSLF
1e9ou4k,policy_uncertainty,general_pslf,negative,pursuing,,PSLF
1extomv,servicer_issues,general_pslf,neutral,pursuing,,PSLF
ydakfl,general_question,general_pslf,positive,pursuing,,PSLF
16txdhf,general_question,general_pslf,positive,pursuing,,PSLF
1k4apm6,servicer_issues,general_pslf,negative,pursuing,,PSLF
1gktt1v,policy_uncertainty,general_pslf,negative,unknown,,PSLF
1g7imf4,policy_uncertainty,general_pslf,positive,pursuing,,PSLF
1iggrbf,policy_uncertainty,general_pslf,negative,pursuing,,PSLF
xwfjxr,parse_error,,parse_error,unknown,"```json
{""pslf_sentiment"": ""positive"", ""primary_topic"": ""general_question"", ""pslf_stance"": ""unknown""}
```",
v2lk2c,policy_uncertainty,general_pslf,positive,pursuing,,PSLF
1g4lgqb,success_story,general_pslf,very_positive,completed,,PSLF
1gjzykw,success_story,general_pslf,very_positive,completed,,PSLF
1kezrg1,policy_uncertainty,general_pslf,negative,pursuing,,PSLF
1dqw4rm,policy_uncertainty,general_pslf,negative,pursuing,,PSLF
1d3jeov,policy_uncertainty,general_pslf,neutral,pursuing,,PSLF
1j9ezmh,servicer_issues,general_pslf,negative,pursuing,,PSLF
y88vhc,general_question,general_pslf,positive,unknown,,PSLF
1fd2npb,servicer_issues,general_pslf,very_negative,pursuing,,PSLF
17xppof,policy_uncertainty,general_pslf,positive,pursuing,,PSLF
1fonqhh,policy_uncertainty,general_pslf,positive,unknown,,PSLF
1hwkw3u,policy_uncertainty,general_pslf,very_negative,pursuing,,PSLF
17npybj,career_impact,general_pslf,positive,pursuing,,PSLF
1jjh9nv,policy_uncertainty,general_pslf,neutral,pursuing,,PSLF
1irwat5,success_story,general_pslf,very_positive,completed,,PSLF
17onn7m,servicer_issues,general_pslf,very_positive,pursuing,,PSLF
1ixsd37,policy_uncertainty,general_pslf,negative,pursuing,,PSLF
14rtgn0,policy_uncertainty,general_pslf,positive,pursuing,,PSLF
1ipksto,policy_uncertainty,general_pslf,positive,unknown,,PSLF
1ikx1c2,policy_uncertainty,general_pslf,negative,pursuing,,PSLF
1izolw4,policy_uncertainty,general_pslf,negative,pursuing,,PSLF
129vewq,general_question,general_pslf,positive,pursuing,,PSLF
1j7kx8e,policy_uncertainty,general_pslf,neutral,pursuing,,PSLF
1okb12y,success_story,general_pslf,very_positive,completed,,PSLF
1ol0gps,success_story,general_pslf,very_positive,completed,,PSLF
1nwb7qf,policy_uncertainty,general_pslf,positive,unknown,,PSLF
1kbl5ch,policy_uncertainty,general_pslf,negative,unknown,,PSLF
1hv1sev,policy_uncertainty,general_student_loans,neutral,unknown,,StudentLoans
wc53av,policy_uncertainty,general_student_loans,neutral,unknown,,StudentLoans
w3c2qv,policy_uncertainty,general_student_loans,neutral,unknown,,StudentLoans
1e680c9,success_story,general_student_loans,positive,pursuing,,StudentLoans
vmedic,parse_error,,parse_error,unknown,"```json
{""pslf_sentiment"": ""neutral"", ""primary_topic"": ""policy_uncertainty"", ""pslf_stance"": ""unknown""}
```",
1dhap1w,financial_planning,general_student_loans,neutral,rejecting,,StudentLoans
1huxfnp,financial_planning,general_student_loans,neutral,pursuing,,StudentLoans
1j5bomb,general_question,general_student_loans,neutral,considering,,StudentLoans
y3t7li,policy_uncertainty,general_student_loans,neutral,unknown,,StudentLoans
15i3rtd,financial_planning,general_student_loans,negative,pursuing,,StudentLoans
yoodjz,policy_uncertainty,general_student_loans,neutral,unknown,,StudentLoans
14nyrjd,policy_uncertainty,general_student_loans,neutral,unknown,,StudentLoans
sebgjo,success_story,general_student_loans,very_positive,completed,,StudentLoans
sz491a,financial_planning,medical,neutral,unknown,,Residency
1e7qhk1,policy_uncertainty,medical,negative,pursuing,,Residency
1619oaw,financial_planning,medical,neutral,unknown,,Residency
13w8ky4,financial_planning,medical,neutral,unknown,,Residency
pwxs1l,career_impact,medical,positive,pursuing,,medicalschool
u5adaj,servicer_issues,medical,negative,pursuing,,medicalschool
u3pcmn,general_question,medical,neutral,considering,,medicalschool
u6bozz,financial_planning,medical,neutral,unknown,,medicalschool
1j9yji8,policy_uncertainty,medical,negative,pursuing,,medicalschool
18gx1fh,career_impact,medical,positive,considering,,medicalschool
12bz6az,financial_planning,medical,neutral,pursuing,,medicalschool
t3l1vd,general_question,medical,positive,considering,,medicalschool
uqdmjf,financial_planning,medical,neutral,rejecting,,medicalschool
urafzg,financial_planning,medical,neutral,considering,,medicalschool
xe8zoi,financial_planning,medical,neutral,considering,,medicalschool
uypz2c,general_question,medical,positive,pursuing,,medicalschool
r66akq,parse_error,,parse_error,unknown,"```json
{""pslf_sentiment"": ""neutral"", ""primary_topic"": ""financial_planning"", ""pslf_stance"": ""unknown""}
```",
1i81yeh,general_question,nursing,neutral,unknown,,nursing
1dxvbw6,general_question,nursing,neutral,unknown,,StudentNurse
1f89bqp,general_question,nursing,neutral,unknown,,StudentNurse
12ppora,general_question,nursing,neutral,unknown,,StudentNurse
12oho8t,general_question,nursing,neutral,unknown,,StudentNurse
xpoi14,general_question,nursing,neutral,unknown,,StudentNurse
12xpcmk,general_question,nursing,neutral,unknown,,StudentNurse
13664cs,general_question,nursing,neutral,unknown,,StudentNurse
sw0y8y,financial_planning,nursing,neutral,unknown,,nursepractitioner
1jvg7q3,career_impact,nursing,neutral,pursuing,,nursepractitioner
1e8o97x,policy_uncertainty,physician_assistant,neutral,considering,,physicianassistant
16ptxhc,career_impact,physician_assistant,neutral,unknown,,physicianassistant
1jevq7z,general_question,physician_assistant,neutral,unknown,,physicianassistant
1861jsl,financial_planning,physician_assistant,neutral,unknown,,physicianassistant
p3wxv6,general_question,physician_assistant,neutral,unknown,,physicianassistant
1px6wk8,parse_error,,parse_error,unknown,"```json
{""pslf_sentiment"": ""neutral"", ""primary_topic"": ""career_impact"", ""pslf_stance"": ""unknown""}
```",
1eajl8l,career_impact,physician_assistant,neutral,considering,,physicianassistant
xf8utx,general_question,physician_assistant,neutral,unknown,,physicianassistant
yfdf9e,career_impact,physician_assistant,neutral,pursuing,,physicianassistant
1irw45f,career_impact,general_pslf,negative,pursuing,,PSLF
1i9ehp4,policy_uncertainty,general_pslf,negative,unknown,,PSLF
wvxbaq,policy_uncertainty,general_pslf,positive,pursuing,,PSLF
18bgdsg,policy_uncertainty,general_pslf,neutral,unknown,,PSLF
1p6l9my,financial_planning,general_pslf,positive,considering,,PSLF
1jv7z9z,financial_planning,general_student_loans,negative,considering,,StudentLoans
1nsprff,general_question,general_student_loans,neutral,pursuing,,StudentLoans
1ogsgfj,servicer_issues,general_student_loans,negative,pursuing,,StudentLoans
1o8dy8i,financial_planning,general_student_loans,positive,pursuing,,StudentLoans
1nxarkr,policy_uncertainty,general_student_loans,negative,pursuing,,StudentLoans
1oc28e5,policy_uncertainty,general_student_loans,negative,pursuing,,StudentLoans
t94ms2,policy_uncertainty,general_student_loans,negative,unknown,,StudentLoans
15l4l9r,policy_uncertainty,general_student_loans,neutral,unknown,,StudentLoans
1op7o3i,policy_uncertainty,general_student_loans,neutral,unknown,,StudentLoans
1o0yx37,financial_planning,medical,neutral,pursuing,,Residency
rgy5my,financial_planning,nursing,neutral,unknown,,nursing
ve1izl,general_question,nursing,neutral,unknown,,nursing
rjze7b,general_question,nursing,neutral,unknown,,nursing
1f1y4pr,career_impact,nursing,neutral,considering,,nursing
ot8wva,general_question,nursing,neutral,unknown,,nursing
sjqyk6,general_question,physician_assistant,neutral,unknown,,physicianassistant
1hxu5jm,career_impact,speech_language_pathology,positive,pursuing,,slp
1j6nk63,servicer_issues,personalfinance,negative,pursuing,,personalfinance
1fn1o6f,financial_planning,personalfinance,positive,pursuing,,personalfinance
1femeh1,financial_planning,personalfinance,neutral,considering,,personalfinance
y7gewi,financial_planning,personalfinance,neutral,considering,,personalfinance
1fct0i7,financial_planning,personalfinance,positive,pursuing,,personalfinance
ye09zx,financial_planning,personalfinance,neutral,pursuing,,personalfinance
14vxdp4,general_question,personalfinance,neutral,considering,,personalfinance
1526jlz,financial_planning,personalfinance,negative,considering,,personalfinance
15jk6j9,general_question,personalfinance,neutral,considering,,personalfinance
17ufuvk,general_question,personalfinance,neutral,pursuing,,personalfinance
15g9s3i,financial_planning,personalfinance,neutral,considering,,personalfinance
13m2z8b,success_story,personalfinance,very_positive,completed,,personalfinance
r4yy9p,financial_planning,personalfinance,neutral,considering,,personalfinance
15zhz9l,parse_error,,parse_error,unknown,"```json
{""pslf_sentiment"": ""positive"", ""primary_topic"": ""financial_planning"", ""pslf_stance"": ""pursuing""}
```",
15umzwd,financial_planning,personalfinance,positive,considering,,personalfinance
w7bq86,financial_planning,personalfinance,positive,pursuing,,personalfinance
13hi69x,servicer_issues,personalfinance,neutral,pursuing,,personalfinance
168d8dl,financial_planning,personalfinance,neutral,considering,,personalfinance
17n7d5b,financial_planning,personalfinance,neutral,pursuing,,personalfinance
sfoj76,general_question,personalfinance,neutral,considering,,personalfinance
17o17qn,financial_planning,personalfinance,negative,pursuing,,personalfinance
v6adzi,general_question,personalfinance,neutral,considering,,personalfinance
sok20p,general_question,personalfinance,neutral,considering,,personalfinance
xdf023,financial_planning,personalfinance,neutral,considering,,personalfinance
vzpnft,financial_planning,personalfinance,neutral,considering,,personalfinance
t6krpb,financial_planning,personalfinance,positive,pursuing,,personalfinance
w0jrpc,financial_planning,personalfinance,positive,pursuing,,personalfinance
x7diap,financial_planning,personalfinance,neutral,considering,,personalfinance
qrmn3s,policy_uncertainty,personalfinance,positive,considering,,personalfinance
uxqfyk,financial_planning,personalfinance,neutral,considering,,personalfinance
wufbkj,financial_planning,personalfinance,positive,considering,,personalfinance
sigstl,financial_planning,personalfinance,positive,pursuing,,personalfinance
vdoj6i,financial_planning,personalfinance,negative,pursuing,,personalfinance
v6adrj,general_question,personalfinance,neutral,considering,,personalfinance
roek5x,parse_error,,parse_error,unknown,"```json
{""pslf_sentiment"": ""neutral"", ""primary_topic"": ""financial_planning"", ""pslf_stance"": ""considering""}
```",
sfwjw3,career_impact,personalfinance,positive,pursuing,,personalfinance
w6fk06,general_question,personalfinance,neutral,considering,,personalfinance
uchw1v,general_question,personalfinance,neutral,pursuing,,personalfinance
smuz3c,financial_planning,personalfinance,positive,pursuing,,personalfinance
pgloua,financial_planning,personalfinance,positive,considering,,personalfinance
tgmanj,general_question,personalfinance,neutral,pursuing,,personalfinance
q63wts,financial_planning,personalfinance,negative,considering,,personalfinance
1kchfcb,financial_planning,personalfinance,neutral,pursuing,,personalfinance
1kbems6,financial_planning,personalfinance,neutral,considering,,personalfinance
1k5jdqv,financial_planning,personalfinance,neutral,pursuing,,personalfinance
1k5cfoy,financial_planning,personalfinance,positive,considering,,personalfinance
1k3na7s,financial_planning,personalfinance,neutral,pursuing,,personalfinance
1jz6sry,policy_uncertainty,personalfinance,negative,pursuing,,personalfinance
1jvi6x9,general_question,personalfinance,neutral,rejecting,,personalfinance
1j63elv,parse_error,,parse_error,unknown,"```json
{""pslf_sentiment"": ""positive"", ""primary_topic"": ""financial_planning"", ""pslf_stance"": ""pursuing""}
```",
1j214tz,financial_planning,personalfinance,neutral,considering,,personalfinance
1ix6xxv,financial_planning,personalfinance,negative,pursuing,,personalfinance
1idmpy0,financial_planning,personalfinance,neutral,pursuing,,personalfinance
1idf6ec,financial_planning,personalfinance,positive,pursuing,,personalfinance
1i8iier,parse_error,,parse_error,unknown,"```json
{""pslf_sentiment"": ""positive"", ""primary_topic"": ""financial_planning"", ""pslf_stance"": ""pursuing""}
```",
1i5v65n,financial_planning,personalfinance,positive,pursuing,,personalfinance
1hvpvlx,financial_planning,personalfinance,neutral,pursuing,,personalfinance
1hv8gq5,financial_planning,personalfinance,neutral,pursuing,,personalfinance
1ge06qw,financial_planning,personalfinance,positive,pursuing,,personalfinance
1g3mnp3,financial_planning,personalfinance,neutral,pursuing,,personalfinance
1fzeevw,financial_planning,personalfinance,positive,pursuing,,personalfinance
1ft337r,financial_planning,personalfinance,positive,pursuing,,personalfinance
1fepdus,general_question,personalfinance,neutral,pursuing,,personalfinance
1fdsedi,financial_planning,personalfinance,neutral,pursuing,,personalfinance
1efalcv,financial_planning,personalfinance,neutral,pursuing,,personalfinance
1edzfb6,financial_planning,personalfinance,positive,pursuing,,personalfinance
1e8d5ts,financial_planning,personalfinance,negative,rejecting,,personalfinance
1dz4s2f,career_impact,personalfinance,positive,pursuing,,personalfinance
1dw5pud,general_question,personalfinance,neutral,unknown,,personalfinance
1dofo0u,financial_planning,personalfinance,neutral,considering,,personalfinance
1dm16qp,financial_planning,personalfinance,neutral,pursuing,,personalfinance
1dipyku,financial_planning,personalfinance,neutral,pursuing,,personalfinance
1d5wa4s,financial_planning,personalfinance,neutral,considering,,personalfinance
1d2nljh,financial_planning,personalfinance,negative,rejecting,,personalfinance
1cxq29h,general_question,personalfinance,neutral,unknown,,personalfinance
1cqfbxw,financial_planning,personalfinance,neutral,pursuing,,personalfinance
14nxidf,financial_planning,personalfinance,negative,rejecting,,personalfinance
