post_id,pslf_sentiment,primary_topic,pslf_stance,raw_response,error
1ohigdz,positive,servicer_issues,pursuing,,
1px5dbt,very_positive,success_story,completed,,
1okdd3t,positive,financial_planning,pursuing,,
1mc9z31,very_negative,servicer_issues,pursuing,,
1t5i10n,neutral,general_question,pursuing,,
16mriv5,neutral,policy_uncertainty,considering,,
q28msw,positive,policy_uncertainty,unknown,,
rc90d3,neutral,general_question,unknown,,
q6kwst,positive,policy_uncertainty,pursuing,,
1s94ge1,negative,servicer_issues,pursuing,,
1rjrt16,neutral,general_question,pursuing,,
1p2oevd,positive,financial_planning,pursuing,,
1l8eyel,neutral,financial_planning,pursuing,,
1pjc4ex,neutral,financial_planning,pursuing,,
1sy5zrn,negative,servicer_issues,pursuing,,
199f1ky,very_positive,success_story,completed,,
14n280k,neutral,policy_uncertainty,unknown,,
wwhr85,neutral,policy_uncertainty,unknown,,
jfcjmz,very_positive,success_story,completed,,
1jtpwqr,neutral,policy_uncertainty,pursuing,,
7akwvv,neutral,general_question,,,
1e6r9km,neutral,policy_uncertainty,unknown,,
ie4pb8,very_positive,policy_uncertainty,pursuing,,
vsxs1f,neutral,policy_uncertainty,unknown,,
13pqjk7,negative,policy_uncertainty,considering,,
1h8digf,negative,policy_uncertainty,pursuing,,
14o2plh,neutral,general_question,unknown,,
1rj3qkn,negative,servicer_issues,pursuing,,
1ps0hbb,neutral,financial_planning,pursuing,,
1sydncx,neutral,financial_planning,pursuing,,
1qbf3ei,neutral,financial_planning,pursuing,,
1ogxahy,neutral,financial_planning,pursuing,,
geh5lk,negative,financial_planning,rejecting,,
1ar14hp,neutral,financial_planning,pursuing,,
bonwob,neutral,financial_planning,considering,,
fttuy9,neutral,policy_uncertainty,unknown,,
q4e9qi,neutral,policy_uncertainty,pursuing,,
l3q0my,negative,policy_uncertainty,considering,,
eh50i7,neutral,financial_planning,considering,,
altez3,neutral,general_question,pursuing,,
9rdjpc,neutral,general_question,pursuing,,
n4wkit,neutral,general_question,considering,,
xeip33,neutral,financial_planning,considering,,
1aeuksh,neutral,financial_planning,rejecting,,
1dyn1k4,negative,servicer_issues,pursuing,,
14bsjc0,negative,servicer_issues,pursuing,,
1498ubw,neutral,financial_planning,rejecting,,
wgy1zs,neutral,financial_planning,pursuing,,
t3jmdy,neutral,financial_planning,rejecting,,
shwe8u,neutral,career_impact,unknown,,
uzasxh,neutral,financial_planning,pursuing,,
10j52qz,neutral,financial_planning,considering,,
qvgtyz,neutral,financial_planning,considering,,
1o84qxc,neutral,financial_planning,pursuing,,
1gl153v,neutral,policy_uncertainty,considering,,
fkxjx2,very_negative,policy_uncertainty,rejecting,,
79l11l,neutral,financial_planning,pursuing,,
cme1ls,positive,career_impact,pursuing,,
2zsz1l,neutral,general_question,considering,,
1hkb6yb,negative,servicer_issues,pursuing,,
qrwefk,very_negative,servicer_issues,pursuing,,
gh9gk5,negative,financial_planning,rejecting,,
ewqovr,neutral,financial_planning,pursuing,,
8egde6,neutral,financial_planning,pursuing,,
66qwtg,neutral,financial_planning,pursuing,,
1pcqy65,neutral,general_question,unknown,,
1sb2qcu,neutral,financial_planning,considering,,
18ut7ke,neutral,servicer_issues,pursuing,,
ax9ads,neutral,financial_planning,pursuing,,
1lkrbcd,very_negative,policy_uncertainty,rejecting,,
1sh6e8e,neutral,financial_planning,considering,,
1s8sfng,neutral,financial_planning,considering,,
1t2tzd2,neutral,financial_planning,considering,,
1l1rawo,neutral,financial_planning,pursuing,,
1lg9bmk,neutral,policy_uncertainty,considering,,
1gkwgfa,positive,policy_uncertainty,pursuing,,
1kcbssa,very_negative,policy_uncertainty,unknown,,
zsdzf7,positive,general_question,pursuing,,
14n2cob,neutral,policy_uncertainty,unknown,,
1gntvir,neutral,general_question,considering,,
1d9fgrp,neutral,policy_uncertainty,considering,,
1857z2z,neutral,general_question,unknown,,
u2788e,neutral,financial_planning,considering,,
sdjhez,neutral,financial_planning,considering,,
qcv1pc,neutral,general_question,unknown,,
nhd1io,neutral,general_question,unknown,,
idpq4s,neutral,general_question,considering,,
8tsdj9,neutral,financial_planning,considering,,
7x6sf9,positive,financial_planning,pursuing,,
7n4ze7,negative,policy_uncertainty,considering,,
4eutn5,positive,financial_planning,pursuing,,
4bd4r8,neutral,financial_planning,considering,,
3ptnki,neutral,financial_planning,considering,,
3fmxyv,neutral,financial_planning,considering,,
1vtvm5,neutral,financial_planning,considering,,
20ckm7,negative,policy_uncertainty,considering,,
1cwl6q,neutral,general_question,considering,,
1plduz8,neutral,financial_planning,unknown,,
1f9ri1n,neutral,financial_planning,considering,,
11qcyr1,neutral,financial_planning,unknown,,
5aklf5,neutral,financial_planning,considering,,
1cy2f6,neutral,financial_planning,considering,,
gen150,neutral,financial_planning,considering,,
1room3f,neutral,general_question,considering,,
1sbgizf,neutral,financial_planning,considering,,
1sfe5mu,positive,financial_planning,pursuing,,
1rl6380,positive,financial_planning,pursuing,,
1im19u4,negative,policy_uncertainty,pursuing,,
1g0nbs9,neutral,financial_planning,considering,,
w03fob,positive,general_question,considering,,
wv6pkd,neutral,career_impact,pursuing,,
1jrizvz,negative,financial_planning,considering,,
1gl8qz3,neutral,career_impact,considering,,
1b6ho83,neutral,career_impact,pursuing,,
a753oa,neutral,financial_planning,considering,,
qt1yol,neutral,career_impact,considering,,
xirsc8,neutral,general_question,considering,,
k29zgw,very_negative,career_impact,rejecting,,
dct7q0,positive,career_impact,considering,,
6tay6f,neutral,general_question,pursuing,,
66fba7,neutral,career_impact,pursuing,,
1qu1jdz,neutral,financial_planning,unknown,,
1ja4c27,very_negative,policy_uncertainty,pursuing,,
10kgjp1,neutral,general_question,considering,,
9glrq4,neutral,general_question,considering,,
6i3zqw,neutral,career_impact,pursuing,,
jgoppu,neutral,financial_planning,considering,,
qw5cvp,neutral,general_question,considering,,
rmq375,neutral,policy_uncertainty,unknown,,
b7ow6h,neutral,general_question,considering,,
10kh43u,neutral,general_question,considering,,
15c25gp,neutral,general_question,considering,,
z6f5xy,neutral,financial_planning,considering,,
fwsbl8,neutral,financial_planning,considering,,
j8j54x,neutral,general_question,considering,,
tqd3zy,neutral,financial_planning,considering,,
1d8ffqe,neutral,general_question,unknown,,
1m9isi5,neutral,general_question,unknown,,
1lquina,neutral,general_question,unknown,,
1mnpbzr,neutral,general_question,unknown,,
1sbgm9s,neutral,financial_planning,considering,,
1sj1xim,negative,policy_uncertainty,considering,,
1q5pt2e,positive,career_impact,pursuing,,
16g2efw,neutral,career_impact,pursuing,,
15pgerf,neutral,career_impact,pursuing,,
wxh90b,neutral,career_impact,pursuing,,
1onq3z5,neutral,career_impact,considering,,
d7ixwo,neutral,general_question,unknown,,
1kb3tpj,neutral,general_question,considering,,
1jw7yb7,neutral,general_question,pursuing,,
1fbxgsk,neutral,career_impact,pursuing,,
1e12d27,neutral,financial_planning,considering,,
1bizjoh,neutral,general_question,unknown,,
zu37hv,neutral,career_impact,considering,,
xs0ifv,neutral,general_question,unknown,,
m1m1l0,neutral,general_question,considering,,
fwsb39,neutral,financial_planning,considering,,
cwilmf,neutral,financial_planning,considering,,
1i14rtj,neutral,career_impact,pursuing,,
17vhb8d,neutral,financial_planning,considering,,
g3p6ov,neutral,financial_planning,considering,,
oa8oy1,neutral,general_question,unknown,,
15uksmj,neutral,general_question,unknown,,
1m2m4m1,negative,policy_uncertainty,unknown,,
1lzz3uz,neutral,policy_uncertainty,pursuing,,
1q4bkgk,positive,career_impact,pursuing,,
1q480em,neutral,career_impact,considering,,
1ih2vqe,very_positive,success_story,completed,,
homzkp,very_positive,success_story,completed,,
eg1dri,very_positive,success_story,completed,,
rnp8x7,neutral,career_impact,pursuing,,
uffr7q,very_negative,servicer_issues,pursuing,,
q7sas1,neutral,career_impact,pursuing,,
5cixc5,very_negative,policy_uncertainty,rejecting,,
21iuss,neutral,general_question,pursuing,,
1bp73sl,neutral,policy_uncertainty,pursuing,,
14n5rsi,negative,career_impact,considering,,
1cd9pdj,negative,career_impact,pursuing,,
1blijpn,neutral,financial_planning,considering,,
wipyfm,neutral,financial_planning,considering,,
ruoo69,neutral,career_impact,pursuing,,
15z56qd,neutral,general_question,pursuing,,
5lgd80,neutral,general_question,considering,,
12cmskq,very_positive,success_story,completed,,
krc5d7,neutral,general_question,rejecting,,
wugglx,positive,career_impact,pursuing,,
7hqysn,very_negative,policy_uncertainty,considering,,
99op1n,neutral,general_question,pursuing,,
ht5y6q,neutral,general_question,,,
7hrs64,neutral,policy_uncertainty,considering,,
cjxp4r,neutral,career_impact,pursuing,,
8bshcr,positive,servicer_issues,pursuing,,
9eprrv,neutral,general_question,pursuing,,
1p2js42,neutral,general_question,pursuing,,
1m1hao9,negative,general_question,pursuing,,
sxreuf,neutral,general_question,considering,,
24n16i,very_positive,success_story,completed,,
hqopwy,neutral,financial_planning,considering,,
70ioy5,very_negative,servicer_issues,pursuing,,
efnmim,very_negative,frustration_venting,pursuing,,
5jtmck,neutral,general_question,considering,,
kw9jbv,negative,career_impact,rejecting,,
1el6l3c,neutral,general_question,considering,,
54zjl1,neutral,general_question,considering,,
haqn71,neutral,general_question,considering,,
5pk241,neutral,financial_planning,pursuing,,
2610x1,neutral,general_question,pursuing,,
evz6z9,neutral,general_question,considering,,
bbhrdt,neutral,general_question,pursuing,,
ai1et5,neutral,general_question,considering,,
3l3pc7,very_negative,servicer_issues,rejecting,,
14u8p22,neutral,general_question,pursuing,,
1e9a823,neutral,general_question,unknown,,
1748lk8,neutral,general_question,considering,,
q73q4l,neutral,general_question,,,
1t5ho9c,neutral,general_question,unknown,,
1t006op,neutral,policy_uncertainty,,,
1luua0t,positive,career_impact,pursuing,,
1qn0i26,neutral,financial_planning,considering,,
1p0h2nw,neutral,career_impact,pursuing,,
1bi3w5e,very_positive,career_impact,pursuing,,
1j8hzb3,negative,policy_uncertainty,considering,,
62la7n,negative,policy_uncertainty,considering,,
85xn6u,neutral,career_impact,considering,,
826x3t,neutral,general_question,considering,,
a8qg5f,neutral,financial_planning,considering,,
1dha3ki,positive,career_impact,pursuing,,
8rjh5t,positive,financial_planning,pursuing,,
1i7f924,positive,financial_planning,considering,,
mha043,neutral,policy_uncertainty,considering,,
hum9n5,neutral,general_question,unknown,,
w3ziax,negative,career_impact,rejecting,,
hk31tk,neutral,career_impact,unknown,,
12x0omc,positive,career_impact,considering,,
lkhwpb,neutral,financial_planning,considering,,
1o0sw6,negative,policy_uncertainty,considering,,
wxk3hw,neutral,policy_uncertainty,considering,,
38drmj,neutral,career_impact,considering,,
owq3l2,negative,career_impact,rejecting,,
7hb7u3,positive,career_impact,pursuing,,
1zorqk,negative,policy_uncertainty,considering,,
fp5b5w,neutral,financial_planning,considering,,
dt0sym,positive,career_impact,pursuing,,
b2amv6,negative,financial_planning,considering,,
53cy1k,neutral,financial_planning,considering,,
4oad3r,neutral,career_impact,considering,,
qhwfux,very_positive,success_story,completed,,
1dukpyq,neutral,general_question,considering,,
hxclbw,neutral,general_question,considering,,
1encg64,neutral,career_impact,pursuing,,
hwouw,positive,financial_planning,pursuing,,
1c72su,neutral,general_question,unknown,,
4cw8mm,neutral,general_question,considering,,
5gifm4,positive,financial_planning,considering,,
18tvyfs,neutral,financial_planning,unknown,,
wwrwj3,neutral,policy_uncertainty,unknown,,
14o3con,neutral,policy_uncertainty,unknown,,
heia7m,neutral,policy_uncertainty,unknown,,
1jgp0ml,negative,policy_uncertainty,unknown,,
1itlnp,neutral,financial_planning,considering,,
qne6n4,neutral,policy_uncertainty,unknown,,
175dt7f,neutral,financial_planning,considering,,
14n4mq1,neutral,policy_uncertainty,unknown,,
1roht5q,positive,general_question,pursuing,,
1lusrzs,very_negative,policy_uncertainty,pursuing,,
1n8uf23,negative,policy_uncertainty,pursuing,,
1rf28fm,neutral,career_impact,pursuing,,
1jnpi3j,neutral,career_impact,pursuing,,
qrytwr,very_positive,success_story,completed,,
1cjfhh1,neutral,financial_planning,considering,,
18d1at9,neutral,career_impact,considering,,
sdhalz,neutral,general_question,pursuing,,
18d19xk,neutral,career_impact,considering,,
xn2jrw,neutral,financial_planning,considering,,
78fur3,neutral,general_question,unknown,,
egtqxp,neutral,general_question,considering,,
aa4szq,negative,financial_planning,pursuing,,
fujcvi,neutral,general_question,unknown,,
33obwu,neutral,financial_planning,considering,,
3g1j9q,neutral,policy_uncertainty,unknown,,
16arpp1,very_positive,financial_planning,pursuing,,
vekdz5,negative,career_impact,pursuing,,
8tnyr1,neutral,general_question,unknown,,
1haovd7,positive,career_impact,completed,,
1j5xa7z,negative,policy_uncertainty,considering,,
64qgy8,neutral,general_question,considering,,
pn7goj,negative,policy_uncertainty,pursuing,,
otmwk7,positive,career_impact,pursuing,,
58tufl,negative,frustration_venting,pursuing,,
ikouiw,neutral,career_impact,considering,,
1qs8vno,neutral,financial_planning,considering,,
1kl3qth,neutral,general_question,considering,,
7hg7y7,neutral,policy_uncertainty,unknown,,
olng6m,neutral,career_impact,considering,,
4ox92u,negative,general_question,considering,,
1oqmgb,positive,financial_planning,pursuing,,
9e4v7n,positive,financial_planning,pursuing,,
hf2vhe,neutral,career_impact,rejecting,,
ezvxrn,neutral,general_question,unknown,,
iibn79,negative,general_question,considering,,
ajo1az,neutral,financial_planning,considering,,
1gz5vpq,neutral,general_question,considering,,
83nvtd,neutral,general_question,considering,,
16irxyx,neutral,financial_planning,considering,,
wh4rsd,neutral,career_impact,considering,,
2593ue,positive,financial_planning,pursuing,,
sgjm7n,neutral,general_question,unknown,,
1c2jckx,neutral,financial_planning,pursuing,,
rgybae,neutral,general_question,unknown,,
1dfvpst,neutral,general_question,considering,,
cc1gfk,neutral,general_question,unknown,,
15szcxi,neutral,general_question,considering,,
1qxhrop,negative,servicer_issues,pursuing,,
1lw0lpi,negative,general_question,considering,,
1jwwwpv,positive,policy_uncertainty,pursuing,,
1jez9hh,neutral,general_question,pursuing,,
1c6ic3f,neutral,general_question,considering,,
14zr0xz,neutral,financial_planning,considering,,
1c3f5vu,negative,servicer_issues,pursuing,,
qshb6y,very_positive,success_story,completed,,
wcaybd,neutral,general_question,considering,,
ri3evo,negative,servicer_issues,pursuing,,
10a4ewe,very_positive,success_story,completed,,
u1vkjr,neutral,general_question,pursuing,,
wwt3x7,negative,career_impact,rejecting,,
1g0kkom,neutral,general_question,considering,,
187zfjo,neutral,financial_planning,pursuing,,
1il1b4k,neutral,general_question,unknown,,
1aufvte,neutral,general_question,unknown,,
tb025c,neutral,career_impact,pursuing,,
nxmz1v,neutral,career_impact,pursuing,,
o7y4o1,neutral,financial_planning,pursuing,,
vzndpa,positive,career_impact,pursuing,,
jgg11b,neutral,financial_planning,pursuing,,
10errwl,neutral,financial_planning,considering,,
qvhcs4,neutral,general_question,pursuing,,
1e0zxg6,neutral,general_question,unknown,,
166bgdq,very_negative,servicer_issues,pursuing,,
hk11lz,neutral,general_question,unknown,,
1mryhi9,negative,servicer_issues,pursuing,,
1kvspd3,negative,financial_planning,considering,,
jvvmn3,positive,financial_planning,pursuing,,
1gzqzi7,positive,financial_planning,pursuing,,
1jxv11s,neutral,financial_planning,pursuing,,
1fd1w9i,positive,financial_planning,pursuing,,
wq5gij,negative,financial_planning,rejecting,,
lmq75j,neutral,career_impact,pursuing,,
f0br6j,neutral,financial_planning,considering,,
pyygs4,positive,financial_planning,pursuing,,
lozemu,positive,career_impact,considering,,
png05f,neutral,financial_planning,considering,,
hpos9q,neutral,financial_planning,pursuing,,
byzp9h,positive,financial_planning,pursuing,,
1popcj8,neutral,general_question,considering,,
1syzap9,neutral,career_impact,pursuing,,
1r09f7a,positive,career_impact,considering,,
1rc9f6c,neutral,career_impact,unknown,,
1ksawfn,neutral,career_impact,considering,,
w5swc5,very_negative,career_impact,rejecting,,
1ik01yf,positive,policy_uncertainty,pursuing,,
1cra2ze,neutral,career_impact,considering,,
1g7hr7j,neutral,general_question,considering,,
a3eudb,negative,career_impact,considering,,
xcx3o2,neutral,financial_planning,considering,,
r6ltt6,neutral,general_question,pursuing,,
co4kcq,negative,servicer_issues,considering,,
11yxfok,neutral,general_question,considering,,
voqo1a,neutral,general_question,pursuing,,
xknbse,neutral,general_question,pursuing,,
oz3j1j,neutral,general_question,considering,,
14l1s34,neutral,career_impact,pursuing,,
1j9h7rf,neutral,career_impact,pursuing,,
r69yy7,neutral,financial_planning,considering,,
164mbnc,neutral,financial_planning,pursuing,,
1iggx2d,neutral,career_impact,considering,,
1gpmbj2,negative,career_impact,considering,,
irx7kt,neutral,financial_planning,considering,,
1hddda7,neutral,servicer_issues,pursuing,,
14tiudo,neutral,career_impact,pursuing,,
1dtobo2,positive,career_impact,considering,,
15bsuh4,neutral,career_impact,considering,,
6bk5d1,neutral,financial_planning,considering,,
tso2lu,neutral,financial_planning,pursuing,,
73xxaq,neutral,career_impact,pursuing,,
dosumt,neutral,general_question,unknown,,
k3m1iw,neutral,financial_planning,considering,,
cc1n3f,neutral,financial_planning,considering,,
kg9mye,neutral,financial_planning,unknown,,
30ggbk,neutral,financial_planning,considering,,
qiowzt,neutral,financial_planning,considering,,
au7hgk,neutral,financial_planning,unknown,,
1pg04dy,negative,financial_planning,considering,,
1s2ombn,neutral,general_question,considering,,
1na5hf3,neutral,career_impact,pursuing,,
1rja8i0,neutral,career_impact,considering,,
1q2wp0r,neutral,career_impact,pursuing,,
1s20l0v,positive,career_impact,pursuing,,
1krib7b,neutral,career_impact,considering,,
14rn858,positive,career_impact,considering,,
qqx4f2,positive,financial_planning,considering,,
yfbuzp,neutral,general_question,considering,,
k504gf,neutral,financial_planning,pursuing,,
c47o8u,neutral,general_question,considering,,
iyl0oa,positive,financial_planning,pursuing,,
o0tel9,neutral,career_impact,unknown,,
wq5hrw,positive,career_impact,considering,,
1hyi9cf,positive,career_impact,pursuing,,
1gddrs5,neutral,financial_planning,unknown,,
1anp4hx,neutral,career_impact,considering,,
1agpiqj,neutral,career_impact,,,
1877dz7,neutral,career_impact,considering,,
il7v2u,negative,general_question,considering,,
vcyt34,neutral,financial_planning,pursuing,,
466wiz,neutral,general_question,considering,,
is2hqx,neutral,career_impact,considering,,
17lmjlz,neutral,general_question,considering,,
cyg70k,neutral,financial_planning,considering,,
8tqhta,neutral,financial_planning,unknown,,
1nrkscq,neutral,financial_planning,considering,,
d1u3j5,neutral,career_impact,considering,,
d5bh1s,neutral,career_impact,considering,,
nhdcx9,neutral,general_question,unknown,,
7m6bij,neutral,career_impact,considering,,
pqfnf2,neutral,career_impact,considering,,
1mb9wr7,neutral,financial_planning,considering,,
1li77e4,negative,financial_planning,considering,,
1qjeyil,neutral,career_impact,pursuing,,
1mtdy4v,positive,career_impact,pursuing,,
1hwd81x,neutral,general_question,considering,,
1ebw5zj,neutral,general_question,considering,,
u1ywov,neutral,career_impact,pursuing,,
13m2yuk,neutral,general_question,considering,,
t2vixw,neutral,career_impact,pursuing,,
1j4as8b,negative,financial_planning,considering,,
1cgulfl,positive,career_impact,considering,,
1c2sb2p,neutral,career_impact,considering,,
1g65oz8,neutral,financial_planning,rejecting,,
17puyyq,positive,career_impact,pursuing,,
189y0lj,positive,career_impact,considering,,
1500qtc,neutral,career_impact,rejecting,,
bb7aln,neutral,general_question,considering,,
vnpiis,very_negative,frustration_venting,pursuing,,
w1iei6,neutral,career_impact,considering,,
l1vvu0,positive,general_question,considering,,
f9lzuz,neutral,general_question,unknown,,
j25h0l,positive,career_impact,pursuing,,
e0s3q8,neutral,career_impact,unknown,,
9xmpk0,negative,financial_planning,considering,,
7rmsq8,neutral,general_question,considering,,
11v9gbc,neutral,general_question,considering,,
p3qiex,neutral,general_question,considering,,
8idvpp,negative,career_impact,considering,,
1gatdqc,very_positive,career_impact,pursuing,,
tmt42b,positive,career_impact,pursuing,,
54negk,neutral,career_impact,considering,,
58rp21,positive,career_impact,pursuing,,
1t2b7nz,neutral,financial_planning,considering,,
1s7c8r3,neutral,financial_planning,unknown,,
1qk59dj,positive,career_impact,pursuing,,
1oaj374,neutral,general_question,considering,,
1rf0xqd,neutral,career_impact,pursuing,,
1q4bd6z,positive,career_impact,pursuing,,
101og9q,neutral,career_impact,considering,,
1atxf6x,positive,financial_planning,considering,,
kwn512,neutral,general_question,considering,,
11n2pc0,neutral,general_question,considering,,
o618gq,neutral,financial_planning,pursuing,,
9ehpnj,neutral,financial_planning,considering,,
fatkmg,neutral,career_impact,pursuing,,
60xajw,neutral,general_question,considering,,
1jq4l3o,negative,career_impact,considering,,
1gk5xc4,neutral,general_question,unknown,,
1j90224,negative,career_impact,pursuing,,
1cmm94f,neutral,career_impact,considering,,
1hw2luy,negative,career_impact,pursuing,,
1c0bnlf,neutral,career_impact,considering,,
1ezq2eq,neutral,career_impact,pursuing,,
11j6yb8,neutral,career_impact,rejecting,,
wzwx1q,neutral,financial_planning,pursuing,,
sj7i8s,neutral,general_question,considering,,
wxibd7,neutral,general_question,considering,,
7j85e1,positive,career_impact,considering,,
10psifc,neutral,career_impact,considering,,
s6m52r,negative,financial_planning,rejecting,,
p9pbrz,neutral,general_question,considering,,
fvi9dy,neutral,financial_planning,considering,,
9fi6dm,neutral,financial_planning,,,
kpohsv,neutral,general_question,considering,,
ielhfb,neutral,career_impact,pursuing,,
braare,neutral,general_question,pursuing,,
3sd6tx,positive,general_question,,,
2wpod1,neutral,general_question,considering,,
1spv7xa,very_negative,frustration_venting,rejecting,,
1s1yl74,positive,general_question,considering,,
137xnlp,neutral,policy_uncertainty,considering,,
9pailf,neutral,general_question,considering,,
hux7fp,neutral,general_question,considering,,
4f9ahm,positive,career_impact,considering,,
1u8muk,neutral,general_question,considering,,
4p2eja,negative,frustration_venting,unknown,,
4a9ibi,neutral,financial_planning,considering,,
wbo1ob,positive,career_impact,considering,,
iuvq1i,neutral,career_impact,considering,,
8wva5i,neutral,career_impact,considering,,
rcpt85,neutral,career_impact,,,
1jl3co2,neutral,general_question,unknown,,
1rckv2q,positive,financial_planning,pursuing,,
1sq4lt7,very_negative,financial_planning,rejecting,,
1m296yg,neutral,financial_planning,pursuing,,
1q3dz1k,neutral,financial_planning,considering,,
1oytbjf,positive,financial_planning,pursuing,,
1mpad22,neutral,financial_planning,pursuing,,
1ldajai,negative,financial_planning,pursuing,,
8hgo2m,negative,policy_uncertainty,rejecting,,
wxme1a,neutral,general_question,unknown,,
2m7ycd,positive,financial_planning,pursuing,,
18fjaqk,neutral,financial_planning,pursuing,,
2f06lc,positive,financial_planning,pursuing,,
psu5nj,neutral,financial_planning,considering,,
88tbkt,neutral,general_question,considering,,
2z6f9u,neutral,financial_planning,considering,,
1jtvaf,neutral,financial_planning,considering,,
18mxwy,neutral,financial_planning,considering,,
27dztj,neutral,general_question,considering,,
f7dsvf,neutral,general_question,considering,,
1g0a02,neutral,general_question,pursuing,,
3apyy3,neutral,general_question,considering,,
3217yo,neutral,financial_planning,considering,,
swt4z,positive,general_question,pursuing,,
abmb4h,neutral,general_question,pursuing,,
6fh9m1,neutral,general_question,pursuing,,
67sf9t,positive,financial_planning,pursuing,,
4azyam,positive,financial_planning,pursuing,,
xe80m,neutral,financial_planning,pursuing,,
5irimo,neutral,financial_planning,considering,,
3kz261,neutral,financial_planning,considering,,
1ioonz,neutral,financial_planning,considering,,
2cj7pi,positive,financial_planning,considering,,
22y0d5,positive,financial_planning,pursuing,,
1l1oawz,neutral,financial_planning,pursuing,,
1supasl,neutral,financial_planning,considering,,
1sezu6h,neutral,financial_planning,pursuing,,
1q1dhkk,neutral,financial_planning,rejecting,,
1hrwzm2,neutral,financial_planning,considering,,
1i6riop,positive,financial_planning,pursuing,,
6tuhr2,neutral,financial_planning,considering,,
c4ppcl,neutral,financial_planning,unknown,,
67ar5n,positive,financial_planning,pursuing,,
977n17,negative,financial_planning,rejecting,,
1dq7n80,neutral,financial_planning,pursuing,,
14ysbyp,neutral,financial_planning,considering,,
155vplx,negative,financial_planning,rejecting,,
8bzy57,neutral,financial_planning,unknown,,
191x558,neutral,general_question,unknown,,
180xlla,positive,financial_planning,pursuing,,
102at7e,neutral,financial_planning,pursuing,,
6ebcce,negative,policy_uncertainty,considering,,
4uwa7l,positive,financial_planning,pursuing,,
4kz9bt,positive,financial_planning,pursuing,,
1n2cn8g,neutral,financial_planning,completed,,
k8it0c,positive,success_story,completed,,
2unzmq,positive,financial_planning,pursuing,,
7bvntg,positive,financial_planning,pursuing,,
3xn2p3,positive,financial_planning,pursuing,,
2fav44,neutral,financial_planning,considering,,
7htbqz,neutral,financial_planning,unknown,,
5aqsau,neutral,financial_planning,considering,,
2zm6fv,neutral,financial_planning,considering,,
18p7899,neutral,financial_planning,unknown,,
1aoqc2u,neutral,financial_planning,pursuing,,
1fg1lw,neutral,financial_planning,unknown,,
ydakfl,neutral,policy_uncertainty,unknown,,
1cul1sj,very_positive,policy_uncertainty,unknown,,
16txdhf,positive,general_question,pursuing,,
1gktt1v,neutral,policy_uncertainty,unknown,,
xwfjxr,neutral,general_question,unknown,,
v2lk2c,positive,policy_uncertainty,pursuing,,
y88vhc,neutral,general_question,unknown,,
17xppof,neutral,general_question,unknown,,
14rtgn0,positive,policy_uncertainty,pursuing,,
1izolw4,neutral,policy_uncertainty,unknown,,
1suma19,very_positive,success_story,completed,,
1hm1sq6,very_positive,success_story,completed,,
1bv68g9,neutral,general_question,pursuing,,
1s1p0u8,neutral,financial_planning,pursuing,,
1ryjprs,neutral,general_question,unknown,,
njxuox,neutral,policy_uncertainty,unknown,,
lpgbyh,neutral,policy_uncertainty,unknown,,
w3c2qv,neutral,policy_uncertainty,unknown,,
f21bgm,very_negative,policy_uncertainty,unknown,,
6brjje,neutral,policy_uncertainty,unknown,,
1diwil4,neutral,general_question,considering,,
1c4wc8l,neutral,general_question,unknown,,
15i3rtd,negative,financial_planning,pursuing,,
14nyrjd,neutral,policy_uncertainty,unknown,,
sebgjo,positive,success_story,completed,,
91shs9,neutral,financial_planning,pursuing,,
13w8ky4,neutral,financial_planning,pursuing,,
7jwavq,very_negative,policy_uncertainty,considering,,
pwxs1l,very_positive,career_impact,pursuing,,
u3pcmn,neutral,general_question,considering,,
9112iw,neutral,financial_planning,considering,,
26c52p,positive,financial_planning,pursuing,,
3cpfer,neutral,policy_uncertainty,considering,,
18gx1fh,neutral,career_impact,considering,,
fqzxhp,neutral,financial_planning,considering,,
12bz6az,positive,financial_planning,pursuing,,
t3l1vd,neutral,general_question,considering,,
1asebmm,neutral,general_question,considering,,
bgkse1,positive,financial_planning,pursuing,,
oab5bl,neutral,financial_planning,considering,,
3x7qxq,negative,policy_uncertainty,considering,,
g0zgko,neutral,financial_planning,rejecting,,
bgwmm1,neutral,financial_planning,pursuing,,
chqko3,neutral,general_question,rejecting,,
bc2f7c,neutral,financial_planning,considering,,
fpn3sc,neutral,financial_planning,considering,,
8klm61,neutral,financial_planning,pursuing,,
5p7zb8,neutral,policy_uncertainty,considering,,
5ybtcv,neutral,general_question,considering,,
4gf7iy,neutral,general_question,,,
r66akq,neutral,financial_planning,unknown,,
bm6sih,neutral,financial_planning,pursuing,,
666w5o,negative,financial_planning,pursuing,,
2ykse2,neutral,financial_planning,pursuing,,
89gdpv,neutral,financial_planning,considering,,
1i81yeh,neutral,general_question,unknown,,
z6f7wb,neutral,financial_planning,considering,,
gom68t,neutral,career_impact,considering,,
d316ui,neutral,financial_planning,considering,,
1i9u0wl,neutral,general_question,unknown,,
1dxvbw6,neutral,general_question,unknown,,
1f89bqp,neutral,general_question,unknown,,
1e852kw,neutral,general_question,unknown,,
1bqneig,neutral,general_question,unknown,,
xpoi14,neutral,general_question,unknown,,
12xpcmk,neutral,general_question,unknown,,
13664cs,neutral,general_question,unknown,,
j8nzox,neutral,career_impact,unknown,,
sw0y8y,neutral,general_question,considering,,
1jvg7q3,neutral,career_impact,pursuing,,
94j26q,neutral,general_question,pursuing,,
84ehp2,very_positive,financial_planning,pursuing,,
5dmrp8,neutral,general_question,considering,,
1bqu9xz,neutral,financial_planning,considering,,
ck7m6t,neutral,general_question,unknown,,
1bjyry2,very_negative,frustration_venting,rejecting,,
117uonk,neutral,career_impact,unknown,,
p3wxv6,neutral,general_question,unknown,,
gwx18r,neutral,financial_planning,considering,,
8gso5f,neutral,career_impact,considering,,
1rt3q2y,neutral,general_question,pursuing,,
1hbj9cd,neutral,career_impact,pursuing,,
10y472r,neutral,career_impact,considering,,
yfdf9e,neutral,career_impact,pursuing,,
1sk9jt7,negative,servicer_issues,pursuing,,
1sn02mp,neutral,financial_planning,considering,,
j1knjt,neutral,financial_planning,considering,,
1futcug,negative,policy_uncertainty,pursuing,,
1rzwcwg,negative,servicer_issues,pursuing,,
1rwcfkt,negative,financial_planning,pursuing,,
wvxbaq,positive,policy_uncertainty,pursuing,,
18bgdsg,neutral,policy_uncertainty,unknown,,
1ogsgfj,very_negative,servicer_issues,pursuing,,
t94ms2,very_negative,policy_uncertainty,rejecting,,
1o0yx37,neutral,financial_planning,pursuing,,
1rm5qit,neutral,career_impact,considering,,
ankdem,neutral,general_question,unknown,,
1jz4ps2,neutral,general_question,considering,,
ve1izl,neutral,financial_planning,considering,,
8vz9uk,neutral,financial_planning,considering,,
rjze7b,neutral,general_question,unknown,,
2tg3fm,neutral,general_question,considering,,
3lfzxp,neutral,general_question,considering,,
1f1y4pr,neutral,career_impact,considering,,
ot8wva,neutral,general_question,considering,,
9bbjaj,neutral,general_question,considering,,
5eu6ca,neutral,general_question,considering,,
275pke,neutral,general_question,considering,,
4repnt,neutral,career_impact,considering,,
1gi3u8e,neutral,career_impact,considering,,
1rru86v,neutral,general_question,unknown,,
113g4vu,neutral,career_impact,considering,,
4568zb,very_positive,success_story,completed,,
sjqyk6,neutral,career_impact,considering,,
15jk6j9,neutral,general_question,considering,,
13m2z8b,very_positive,success_story,completed,,
r4yy9p,neutral,financial_planning,pursuing,,
16kl03k,neutral,financial_planning,pursuing,,
sok20p,neutral,financial_planning,considering,,
11r90bs,neutral,financial_planning,considering,,
vzpnft,neutral,financial_planning,considering,,
wufbkj,positive,financial_planning,considering,,
ekf6ae,neutral,financial_planning,pursuing,,
roek5x,neutral,financial_planning,pursuing,,
gkgypj,neutral,general_question,unknown,,
smuz3c,positive,financial_planning,pursuing,,
lx4rgp,positive,financial_planning,pursuing,,
90hm47,neutral,financial_planning,considering,,
bvzbq6,neutral,financial_planning,considering,,
dytzew,positive,financial_planning,pursuing,,
mrgshz,neutral,financial_planning,pursuing,,
j1fxw4,positive,financial_planning,pursuing,,
ipvh44,neutral,general_question,pursuing,,
1dog38,neutral,general_question,considering,,
2zc04x,negative,financial_planning,considering,,
5a2tpz,neutral,financial_planning,pursuing,,
bcx9kr,neutral,financial_planning,considering,,
5f28g7,positive,financial_planning,pursuing,,
6a6teu,neutral,financial_planning,considering,,
55f3na,neutral,financial_planning,considering,,
70hygr,very_negative,servicer_issues,pursuing,,
7vruh9,positive,financial_planning,pursuing,,
bmmjro,positive,financial_planning,pursuing,,
6rm60d,neutral,financial_planning,pursuing,,
9csenc,positive,financial_planning,pursuing,,
1e8d5ts,neutral,financial_planning,rejecting,,
1dle2e3,neutral,financial_planning,pursuing,,
1crzif9,neutral,financial_planning,pursuing,,
1cqfbxw,neutral,financial_planning,pursuing,,
1bb49dn,neutral,financial_planning,pursuing,,
